,Unnamed: 0,ESTC,NDEP,RENDA,TIPOR,VBEM,NPARC,VPARC,TEL,IDADE,RESMS,ENTRADA,target,NOVA_COLUNA,Strings
849,849,1,0,1307,0,757,3,283,1,19,0,0,,410.4706243128823,Mariana
1484,1484,1,0,400,0,433,6,97,1,19,0,0,,-24.628237458772936,Mariana
184,184,1,0,300,0,459,12,55,1,19,5,55,,-118.66332593772415,Mariana
1329,1329,1,0,1174,0,916,12,124,0,19,12,0,,192.54803831404297,Mariana
369,369,1,0,2220,0,747,10,103,0,19,6,0,,1099.3149629325012,Mariana
1201,1201,1,0,1345,1,618,10,89,0,19,6,0,,542.567534319028,Mariana
99,99,1,0,420,0,828,12,70,0,19,48,0,,-304.4945722175563,Mariana
38,38,1,0,400,0,399,6,89,0,19,24,0,,0.7463102260234223,Mariana
811,811,0,0,350,0,595,12,81,0,19,0,0,,-182.84600537573849,Mariana
830,830,1,0,400,0,558,12,77,0,19,24,0,,-117.91701571170073,Mariana
1171,1171,1,0,2220,0,747,10,103,0,19,6,0,,1099.3149629325012,Mariana
407,407,1,0,757,0,725,12,99,0,20,48,0,,23.881927232749515,Mariana
538,538,1,0,365,0,338,9,55,0,20,36,0,,20.150376102632404,Mariana
1269,1269,1,0,300,0,419,12,57,1,20,36,0,,-88.81091689678726,Mariana
1128,1128,0,0,380,1,365,10,56,0,20,6,0,,11.194653390351336,Mariana
709,709,1,0,550,0,429,10,65,0,20,72,0,,90.3035373488341,Mariana
79,79,1,0,500,0,401,4,118,0,20,12,0,,73.88471237631882,Mariana
268,268,1,0,320,1,1149,9,66,0,20,6,749,,-618.6911773734171,Mariana
700,700,1,0,310,0,612,12,63,1,20,39,150,,-225.38568825907356,Mariana
334,334,1,0,521,0,451,9,68,0,20,48,0,,52.241715821639566,Mariana
211,211,1,0,546,0,389,6,82,0,20,48,0,,117.1707054856773,Mariana
272,272,1,0,380,1,635,15,75,0,20,6,0,,-190.3091076359727,Mariana
667,667,0,0,330,0,470,9,77,0,20,6,0,,-104.48343164327913,Mariana
1108,1108,1,0,852,0,1067,10,169,1,20,0,0,,-160.45669859503582,Mariana
659,659,1,0,320,0,497,12,68,0,21,0,0,,-132.09691000614575,Mariana
1315,1315,1,0,600,0,618,10,89,0,21,6,0,,-13.433584068421602,Mariana
1421,1421,1,0,300,0,398,10,61,1,21,72,0,,-73.13840215029539,Mariana
520,520,0,0,410,0,442,6,81,0,21,0,81,,-23.881927232749515,Mariana
116,116,1,0,700,0,378,2,202,0,21,48,0,,240.311892779542,Mariana
571,571,1,0,600,0,479,6,108,0,21,0,0,,90.3035373488341,Mariana
626,626,1,0,465,0,413,15,52,0,21,0,0,,38.808131753217964,Mariana
333,333,1,0,540,0,498,6,102,0,21,48,0,,31.345029492983738,Mariana
672,672,0,0,600,0,827,12,112,0,21,0,0,,-169.41242130731686,Mariana
398,398,1,0,600,0,764,10,77,0,21,48,0,,-122.39487706784126,Mariana
42,42,1,0,650,1,480,10,67,0,21,6,0,,126.8727384239818,Mariana
1022,1022,0,0,380,1,480,6,102,0,21,6,0,,-74.63102260234223,Mariana
895,895,1,0,500,0,399,5,97,1,21,0,0,,75.37733282836565,Mariana
880,880,1,0,350,0,595,11,83,0,21,48,0,,-182.84600537573849,Mariana
846,846,1,0,1500,0,591,2,320,0,21,48,0,,678.3959954552909,Mariana
48,48,1,0,312,0,499,12,69,0,21,18,0,,-139.56001226637997,Mariana
720,720,1,0,300,0,398,12,54,0,21,0,0,,-73.13840215029539,Mariana
1406,1406,1,0,485,0,441,5,92,1,21,6,70,,32.837649945030584,Mariana
1100,1100,1,0,300,0,380,6,85,1,21,0,0,,-59.70481808187379,Mariana
802,802,1,0,650,0,333,6,74,0,21,0,0,,236.5803416494249,Mariana
159,159,1,0,620,1,427,10,65,0,22,6,0,,144.03787362252052,Mariana
1057,1057,0,0,331,0,549,12,75,0,22,12,0,,-162.69562927310608,Mariana
1419,1419,0,2,600,1,420,10,58,0,22,6,0,,134.335840684216,Mariana
1286,1286,0,0,750,0,704,7,137,0,22,0,0,,34.33027039707743,Mariana
1042,1042,0,0,435,1,531,10,63,0,22,6,115,,-71.64578169824854,Mariana
1481,1481,1,0,340,0,340,10,52,0,22,12,0,,0.0,Mariana
1256,1256,1,0,335,0,498,12,68,0,22,26,0,,-121.64856684181784,Mariana
1353,1353,1,0,568,1,849,10,117,0,22,6,0,,-209.71317351258168,Mariana
1250,1250,1,0,920,0,306,6,68,0,22,0,0,,458.23447877838134,Mariana
1012,1012,1,0,498,1,344,10,53,0,22,6,0,,114.93177480760704,Mariana
1006,1006,0,0,300,0,597,10,82,0,22,6,0,,-221.65413712895642,Mariana
1151,1151,1,0,420,1,470,12,64,0,22,6,0,,-37.315511301171114,Mariana
409,409,0,0,1555,0,825,12,69,0,22,0,0,,544.8064649970983,Mariana
993,993,0,0,650,1,639,10,88,0,22,6,0,,8.209412486257646,Mariana
980,980,1,0,466,0,672,6,116,0,22,0,150,,-153.739906560825,Mariana
652,652,1,0,628,0,459,12,63,1,22,12,0,,126.12642819795838,Mariana
228,228,1,0,390,0,468,12,64,1,22,0,0,,-58.212197629826946,Mariana
967,967,1,0,400,0,421,12,57,0,22,36,0,,-15.672514746491869,Mariana
938,938,1,0,1120,0,897,12,122,0,22,20,0,,166.4271804032232,Mariana
916,916,0,0,594,0,677,12,92,0,22,0,0,,-61.94374875994406,Mariana
359,359,0,0,378,0,351,6,73,0,22,48,0,,20.150376102632404,Mariana
928,928,1,0,607,0,483,12,66,0,22,6,0,,92.54246802690437,Mariana
144,144,0,0,735,1,415,5,62,0,22,6,159,,238.81927232749516,Mariana
164,164,1,0,448,0,445,10,53,0,22,0,100,,2.238930678070267,Mariana
434,434,1,0,2000,0,384,1,401,0,22,48,0,,1206.0373252538504,Mariana
529,529,0,0,4000,0,358,5,88,0,22,0,0,,2718.061843177304,Mariana
531,531,1,0,320,0,421,12,57,0,22,0,0,,-75.37733282836565,Mariana
81,81,1,0,824,1,515,10,78,0,22,6,0,,230.6098598412375,Mariana
54,54,0,0,315,0,398,9,60,0,23,6,35,,-61.94374875994406,Mariana
1478,1478,1,0,1761,0,449,2,243,0,23,48,0,,979.1590165427301,Mariana
240,240,1,0,500,0,459,8,81,0,23,0,0,,30.598719266960316,Mariana
210,210,0,0,600,0,460,6,103,0,23,12,0,,104.48343164327913,Mariana
142,142,1,0,600,0,399,6,88,0,23,48,0,,150.0083554307079,Mariana
807,807,1,0,453,1,439,10,64,0,23,6,0,,10.448343164327913,Mariana
836,836,0,0,900,0,845,15,105,1,23,36,0,,41.04706243128823,Mariana
1487,1487,1,0,549,0,449,6,93,0,23,48,0,,74.63102260234223,Mariana
64,64,1,0,1000,0,915,6,89,0,23,6,500,,63.4363692119909,Mariana
1081,1081,0,0,350,0,583,6,98,0,23,0,0,,-173.8902826634574,Mariana
276,276,0,0,300,0,482,12,66,0,23,0,0,,-135.82846113626286,Mariana
1360,1360,0,0,530,0,729,12,99,0,23,24,0,,-148.51573497866104,Mariana
570,570,0,0,448,0,731,12,99,0,23,0,0,,-211.20579396462853,Mariana
1087,1087,1,0,500,0,311,3,114,0,23,48,0,,141.05263271842682,Mariana
554,554,1,0,480,0,398,10,61,0,23,0,0,,61.19743853392063,Mariana
749,749,1,0,486,0,339,4,101,0,23,48,0,,109.70760322544308,Mariana
1220,1220,0,0,470,0,489,6,82,0,23,0,0,,-14.179894294445024,Mariana
542,542,0,0,672,0,440,10,68,1,23,0,0,,173.14397243743397,Mariana
708,708,0,0,1400,1,970,12,117,0,23,6,100,,320.91339719007163,Mariana
651,651,1,0,652,0,528,9,80,0,23,48,0,,92.54246802690437,Mariana
393,393,1,0,1451,0,527,3,196,0,23,48,0,,689.5906488456422,Mariana
1113,1113,0,0,470,0,659,12,90,0,23,13,0,,-141.05263271842682,Mariana
741,741,1,0,1846,1,365,10,56,0,23,6,0,,1105.2854447406885,Mariana
375,375,1,0,500,0,552,4,119,0,23,48,119,,-38.808131753217964,Mariana
778,778,0,1,500,1,465,12,63,0,23,6,0,,26.120857910819783,Mariana
1330,1330,1,0,1480,0,679,10,103,0,23,96,0,,597.7944910447613,Mariana
740,740,1,0,328,0,350,10,54,0,23,0,0,,-16.418824972515292,Mariana
578,578,0,0,360,0,606,12,82,0,24,0,0,,-183.5923156017619,Mariana
1062,1062,1,0,400,1,429,10,60,0,24,6,0,,-21.642996554679247,Mariana
878,878,1,0,1000,0,1281,10,196,0,24,7,0,,-209.71317351258168,Mariana
869,869,1,0,454,0,735,15,79,0,24,24,100,,-209.71317351258168,Mariana
47,47,1,0,600,0,536,12,73,0,24,36,0,,47.76385446549903,Mariana
1075,1075,0,0,350,0,488,12,66,0,24,0,0,,-102.99081119123228,Mariana
794,794,0,0,1500,0,571,3,214,0,24,2,0,,693.3221999757593,Mariana
755,755,0,0,500,0,501,4,148,1,24,8,0,,-0.7463102260234223,Mariana
642,642,0,0,330,0,540,12,67,0,24,0,50,,-156.72514746491868,Mariana
1208,1208,1,0,474,0,798,12,98,0,24,48,0,,-241.80451323158883,Mariana
1120,1120,1,0,980,0,393,3,143,0,24,48,0,,438.0841026757489,Mariana
1005,1005,1,0,426,0,517,6,87,0,24,48,0,,-67.91423056813143,Mariana
927,927,1,0,1550,0,546,3,203,0,24,48,0,,749.295466927516,Mariana
1195,1195,1,0,351,0,330,10,50,0,24,24,0,,15.672514746491869,Mariana
1184,1184,1,0,780,1,618,10,89,0,24,6,0,,120.90225661579441,Mariana
697,697,0,0,550,0,403,3,155,0,24,0,0,,109.70760322544308,Mariana
1106,1106,1,0,500,1,376,6,80,0,24,6,0,,92.54246802690437,Mariana
55,55,1,0,400,0,440,12,60,1,24,120,0,,-29.852409040936895,Mariana
1141,1141,1,0,566,0,685,12,87,0,24,48,0,,-88.81091689678726,Mariana
968,968,1,0,319,0,537,6,90,0,24,48,0,,-162.69562927310608,Mariana
173,173,1,0,548,0,304,2,165,0,24,48,0,,182.09969514971505,Mariana
539,539,0,0,470,0,422,7,82,0,24,0,0,,35.82289084912427,Mariana
1280,1280,0,0,1200,1,745,12,100,0,24,6,0,,339.5711528406572,Mariana
426,426,0,0,850,0,886,9,124,0,24,48,124,,-26.867168136843205,Mariana
518,518,0,0,308,0,451,9,63,0,24,0,63,,-106.7223623213494,Mariana
4,4,1,0,1000,0,809,12,111,0,24,7,0,,142.54525317047367,Mariana
1298,1298,0,0,500,0,429,5,105,0,24,120,0,,52.988026047662984,Mariana
262,262,1,0,2000,1,429,10,60,0,24,6,0,,1172.4533650827966,Mariana
521,521,1,0,313,1,442,15,57,1,24,24,0,,-96.27401915702148,Mariana
1327,1327,1,0,602,0,485,3,180,0,24,48,0,,87.31829644474041,Mariana
1320,1320,1,0,436,0,512,10,79,1,24,0,0,,-56.719577177780096,Mariana
588,588,1,0,800,0,370,3,137,0,24,48,0,,320.91339719007163,Mariana
996,996,0,0,478,0,580,9,95,0,24,0,0,,-76.12364305438908,Mariana
350,350,1,0,729,1,495,12,67,0,24,6,0,,174.63659288948082,Mariana
57,57,0,0,388,0,613,12,83,0,24,24,10,,-167.91980085527004,Mariana
1283,1283,1,0,396,1,420,12,57,0,24,6,0,,-17.911445424562135,Mariana
314,314,0,0,1800,0,479,10,73,1,24,1,0,,985.8758085769409,Mariana
283,283,1,0,453,0,1000,12,116,0,24,48,0,,-408.231693634812,Mariana
61,61,1,0,1500,0,356,2,193,0,25,48,0,,853.7788985707951,Mariana
785,785,1,0,733,0,980,10,149,0,25,0,0,,-184.3386258277853,Mariana
162,162,0,0,600,0,568,12,77,0,25,6,0,,23.881927232749515,Mariana
1089,1089,1,0,350,0,528,6,89,0,25,48,0,,-132.8432202321692,Mariana
775,775,0,0,300,0,391,10,60,0,25,0,0,,-67.91423056813143,Mariana
447,447,1,0,480,0,445,12,61,0,25,24,0,,26.120857910819783,Mariana
465,465,1,0,800,0,336,3,125,0,25,48,0,,346.28794487486795,Mariana
1342,1342,0,0,1000,0,457,10,70,1,25,12,0,,405.2464527307183,Mariana
797,797,0,0,408,0,453,10,70,1,25,120,0,,-33.583960171054,Mariana
0,0,1,0,360,0,313,9,52,0,25,48,0,,35.07658062310085,Mariana
505,505,1,0,317,0,508,12,63,0,25,48,0,,-142.54525317047367,Mariana
1067,1067,0,0,700,0,637,3,174,0,25,48,174,,47.017544239475605,Mariana
1064,1064,1,0,600,0,396,6,89,0,25,60,0,,152.24728610877816,Mariana
1412,1412,0,0,370,0,306,6,68,0,25,16,0,,47.76385446549903,Mariana
881,881,0,0,400,0,829,12,114,1,25,3,0,,-320.16708696404817,Mariana
636,636,0,0,426,0,391,6,87,1,25,0,0,,26.120857910819783,Mariana
617,617,0,0,340,1,499,12,68,0,25,6,0,,-118.66332593772415,Mariana
1247,1247,1,0,613,1,557,9,91,0,25,6,0,,41.79337265731165,Mariana
978,978,0,0,500,0,355,10,54,0,25,6,0,,108.21498277339624,Mariana
1308,1308,0,0,624,0,480,10,67,0,25,6,0,,107.46867254737282,Mariana
661,661,1,0,350,0,311,6,69,0,25,60,0,,29.106098814913473,Mariana
994,994,0,0,349,0,430,15,54,0,26,0,0,,-60.45112830789721,Mariana
1260,1260,0,1,800,1,643,6,116,0,26,6,100,,117.1707054856773,Mariana
1236,1236,1,0,300,0,439,12,60,0,26,0,0,,-103.73712141725571,Mariana
567,567,0,0,450,1,525,9,86,0,26,6,0,,-55.97326695175668,Mariana
548,548,1,0,346,0,399,4,88,0,26,4,100,,-39.55444197924138,Mariana
553,553,0,0,680,0,881,12,121,0,26,0,0,,-150.0083554307079,Mariana
198,198,1,0,3000,0,400,1,418,0,26,48,0,,1940.4065876608981,Mariana
545,545,1,0,620,0,813,12,68,0,26,48,0,,-144.03787362252052,Mariana
1448,1448,1,0,420,0,555,12,76,0,26,120,0,,-100.75188051316202,Mariana
93,93,1,0,500,0,455,9,74,0,26,48,0,,33.583960171054,Mariana
774,774,0,0,450,1,318,3,120,0,26,6,0,,98.51294983509175,Mariana
1464,1464,1,0,345,0,441,12,61,1,26,0,0,,-71.64578169824854,Mariana
1147,1147,0,2,850,1,335,6,72,0,26,6,0,,384.3497664020625,Mariana
454,454,0,0,2429,1,505,10,77,0,26,6,0,,1435.9008748690646,Mariana
153,153,1,0,300,0,302,6,67,0,26,6,0,,-1.4926204520468447,Mariana
801,801,0,0,800,1,700,5,168,0,26,6,0,,74.63102260234223,Mariana
1472,1472,1,0,1200,1,480,12,65,0,26,6,0,,537.343362736864,Mariana
1227,1227,1,0,400,0,401,10,62,1,26,72,0,,-0.7463102260234223,Mariana
1248,1248,0,3,1500,1,450,9,74,0,26,6,0,,783.6257373245935,Mariana
355,355,0,0,1500,1,1000,10,151,0,26,6,0,,373.1551130117112,Mariana
1139,1139,1,0,800,0,310,3,113,0,26,48,0,,365.69201075147697,Mariana
1007,1007,1,0,1400,1,500,6,107,0,26,6,0,,671.6792034210802,Mariana
815,815,1,0,1850,0,400,1,418,0,26,48,0,,1082.1498277339624,Mariana
150,150,1,0,2500,0,395,3,144,0,26,48,0,,1570.983025779304,Mariana
149,149,1,0,1090,0,450,10,69,1,26,0,0,,477.6385446549903,Mariana
634,634,1,0,650,0,1185,12,99,0,26,48,0,,-399.275970922531,Mariana
1289,1289,0,0,1500,0,500,4,101,0,26,0,101,,746.3102260234224,Mariana
1378,1378,0,0,302,1,484,6,53,1,26,0,250,,-135.82846113626286,Mariana
627,627,1,0,371,0,341,6,58,0,26,48,0,,22.38930678070267,Mariana
609,609,1,0,600,1,507,6,108,0,26,6,0,,69.40685102017828,Mariana
146,146,1,0,450,0,470,10,72,0,26,48,0,,-14.926204520468447,Mariana
623,623,0,1,550,0,728,12,99,0,26,48,0,,-132.8432202321692,Mariana
1025,1025,0,0,320,0,470,12,64,0,26,12,0,,-111.94653390351336,Mariana
929,929,1,0,750,0,419,6,90,0,26,6,0,,247.0286848137528,Mariana
1017,1017,0,0,324,1,365,6,57,0,26,6,100,,-30.598719266960316,Mariana
509,509,0,0,490,1,469,10,71,0,26,6,0,,15.672514746491869,Mariana
510,510,1,0,350,1,322,6,69,0,26,6,0,,20.896686328655825,Mariana
18,18,1,0,2000,0,374,1,391,0,26,48,0,,1213.5004275140848,Mariana
360,360,0,0,400,0,398,6,56,0,26,0,150,,1.4926204520468447,Mariana
430,430,1,0,417,0,596,12,81,0,26,0,0,,-133.5895304581926,Mariana
1218,1218,0,0,445,0,443,12,61,0,26,48,0,,1.4926204520468447,Mariana
1350,1350,0,0,400,1,329,9,54,0,26,6,0,,52.988026047662984,Mariana
1229,1229,0,0,578,1,392,10,55,0,27,6,0,,138.81370204035656,Mariana
169,169,1,0,1500,0,400,1,418,0,27,48,0,,820.9412486257646,Mariana
1146,1146,0,0,400,1,559,12,76,0,27,6,0,,-118.66332593772415,Mariana
969,969,1,0,1079,0,631,6,141,1,27,0,0,,334.3469812584932,Mariana
303,303,0,0,400,0,489,12,67,1,27,36,0,,-66.4216101160846,Mariana
353,353,1,0,320,0,430,10,66,0,27,48,0,,-82.09412486257646,Mariana
235,235,1,0,500,0,410,3,152,0,27,48,0,,67.167920342108,Mariana
301,301,0,0,300,0,300,6,69,0,27,0,0,,0.0,Mariana
433,433,1,0,480,0,471,12,65,1,27,120,0,,6.716792034210801,Mariana
478,478,1,0,2000,0,779,10,111,0,27,48,0,,911.2447859745987,Mariana
1085,1085,1,0,2708,0,364,1,384,0,27,48,0,,1749.351169798902,Mariana
663,663,1,0,360,0,551,6,89,0,27,36,150,,-142.54525317047367,Mariana
680,680,0,3,610,1,597,10,82,0,27,6,0,,9.702032938304491,Mariana
856,856,0,0,300,1,399,6,89,1,27,0,0,,-73.88471237631882,Mariana
101,101,0,0,619,0,599,15,70,0,27,6,2,,14.926204520468447,Mariana
78,78,1,0,500,0,508,6,105,0,27,48,0,,-5.970481808187379,Mariana
50,50,1,0,500,0,420,10,64,1,27,0,0,,59.70481808187379,Mariana
1388,1388,0,0,890,0,324,6,72,0,27,32,0,,422.41158792925705,Mariana
312,312,1,0,500,0,390,3,145,0,27,48,0,,82.09412486257646,Mariana
1425,1425,1,0,650,1,369,3,139,0,27,6,0,,209.71317351258168,Mariana
522,522,1,0,2628,1,429,10,65,0,27,6,0,,1641.1361870255057,Mariana
577,577,1,0,1300,0,657,3,244,0,27,48,0,,479.87747533306054,Mariana
1358,1358,1,0,2628,1,1059,10,145,0,27,6,0,,1170.9607446307496,Mariana
348,348,0,0,400,1,348,10,51,0,27,6,0,,38.808131753217964,Mariana
1015,1015,1,0,600,1,735,10,111,0,27,6,0,,-100.75188051316202,Mariana
1339,1339,1,0,870,0,355,6,79,0,27,144,0,,384.3497664020625,Mariana
704,704,0,0,1500,1,410,12,55,0,27,6,0,,813.4781463655304,Mariana
177,177,0,0,550,0,356,3,133,1,27,17,0,,144.78418384854393,Mariana
923,923,0,0,900,0,460,12,63,1,27,120,0,,328.37649945030586,Mariana
488,488,1,2,900,1,422,5,103,0,27,6,0,,356.73628803919587,Mariana
894,894,0,0,303,0,480,10,67,0,27,6,0,,-132.09691000614575,Mariana
1249,1249,1,0,420,0,590,12,80,0,27,120,0,,-126.8727384239818,Mariana
893,893,1,0,302,0,352,10,51,0,27,48,0,,-37.315511301171114,Mariana
870,870,0,0,800,0,850,10,129,1,27,120,0,,-37.315511301171114,Mariana
1328,1328,1,0,402,0,370,12,50,1,27,18,0,,23.881927232749515,Mariana
906,906,0,1,600,1,450,12,66,0,27,6,0,,111.94653390351336,Mariana
949,949,1,0,2500,1,930,10,140,0,27,6,0,,1171.707054856773,Mariana
443,443,1,0,450,1,459,10,70,0,27,6,0,,-6.716792034210801,Mariana
1138,1138,0,0,550,0,546,9,94,0,27,0,0,,2.9852409040936894,Mariana
990,990,1,0,1200,0,317,3,116,0,27,48,0,,658.991929578682,Mariana
532,532,1,0,700,0,439,12,60,1,27,0,0,,194.78696899211323,Mariana
1490,1490,0,0,650,0,537,4,160,1,27,36,0,,84.33305554064673,Mariana
486,486,0,0,1500,1,556,12,75,0,27,6,0,,704.5168533661107,Mariana
987,987,1,0,600,1,540,12,73,0,28,6,0,,44.77861356140534,Mariana
841,841,0,0,500,1,480,10,67,0,28,6,0,,14.926204520468447,Mariana
414,414,1,0,450,0,511,12,70,0,28,14,0,,-45.52492378742876,Mariana
405,405,0,0,400,1,511,10,78,0,28,6,0,,-82.84043508859988,Mariana
1382,1382,0,0,489,1,495,9,60,0,28,6,60,,-4.477861356140534,Mariana
1381,1381,0,0,560,1,397,12,54,0,28,6,0,,121.64856684181784,Mariana
394,394,1,0,450,1,500,6,107,0,28,6,0,,-37.315511301171114,Mariana
533,533,0,2,1500,0,980,10,95,0,28,6,350,,388.08131753217964,Mariana
457,457,1,0,600,1,800,12,107,0,28,6,0,,-149.26204520468445,Mariana
872,872,1,0,500,1,469,6,105,0,28,24,0,,23.135617006726093,Mariana
487,487,0,0,600,0,395,9,56,0,28,0,56,,152.99359633480157,Mariana
71,71,0,0,433,0,592,12,75,0,28,0,0,,-118.66332593772415,Mariana
613,613,0,0,2000,1,791,10,120,1,28,0,0,,902.2890632623177,Mariana
253,253,1,0,4000,1,459,10,70,0,28,6,0,,2642.6845103489386,Mariana
254,254,0,0,890,0,556,12,76,0,28,0,0,,249.26761549182305,Mariana
439,439,1,0,600,1,330,10,51,0,28,6,0,,201.50376102632404,Mariana
940,940,0,0,700,1,433,4,128,0,28,12,0,,199.26483034825375,Mariana
544,544,1,0,600,0,643,12,87,0,28,6,0,,-32.09133971900716,Mariana
806,806,1,0,1800,0,563,3,209,0,28,48,0,,923.1857495909734,Mariana
345,345,0,0,750,0,1290,10,177,0,28,6,0,,-403.0075220526481,Mariana
494,494,1,0,1419,0,1002,12,127,0,28,48,0,,311.2113642517671,Mariana
1497,1497,0,0,570,0,511,12,71,1,28,144,0,,44.03230333538192,Mariana
637,637,1,0,3000,0,451,3,167,0,28,48,0,,1902.3447661337036,Mariana
185,185,0,0,750,0,710,10,107,0,28,6,0,,29.852409040936895,Mariana
1063,1063,1,0,520,0,719,15,89,0,28,6,0,,-148.51573497866104,Mariana
137,137,1,0,500,1,618,10,89,0,28,6,0,,-88.06460667076384,Mariana
777,777,0,0,350,1,470,12,65,0,28,144,0,,-89.55722712281069,Mariana
1003,1003,0,0,2500,1,418,4,122,0,28,6,0,,1553.8178905807654,Mariana
1277,1277,1,0,600,0,454,6,77,0,28,48,0,,108.96129299941965,Mariana
600,600,0,0,600,1,600,6,85,0,28,6,205,,0.0,Mariana
97,97,1,0,885,1,468,10,65,0,28,6,0,,311.2113642517671,Mariana
597,597,0,0,715,0,424,12,54,0,28,48,0,,217.1762757728159,Mariana
964,964,0,0,450,0,392,12,54,0,28,0,0,,43.28599310935849,Mariana
51,51,0,0,1200,0,620,6,129,0,28,48,0,,432.859931093585,Mariana
556,556,1,0,700,1,369,6,79,0,28,6,0,,247.0286848137528,Mariana
827,827,1,0,589,0,473,6,105,1,28,72,0,,86.57198621871699,Mariana
550,550,0,0,812,1,618,6,131,0,28,6,0,,144.78418384854393,Mariana
920,920,0,0,578,1,395,6,88,0,28,24,0,,136.5747713622863,Mariana
202,202,0,0,700,0,402,12,56,0,28,48,0,,222.40044735497986,Mariana
361,361,1,0,450,1,479,10,73,0,28,6,0,,-21.642996554679247,Mariana
1150,1150,0,0,556,0,360,6,75,0,28,0,25,,146.27680430059078,Mariana
560,560,1,0,800,1,710,10,78,0,28,6,200,,67.167920342108,Mariana
528,528,1,0,340,1,463,12,63,0,28,6,0,,-91.79615780088095,Mariana
1177,1177,1,0,500,0,852,15,105,0,28,72,0,,-262.7011995602447,Mariana
1414,1414,0,1,800,0,567,10,78,0,28,6,0,,173.8902826634574,Mariana
1173,1173,1,0,3000,0,694,12,94,1,28,24,0,,1720.991381210012,Mariana
1309,1309,0,0,650,0,549,12,69,0,28,144,50,,75.37733282836565,Mariana
1325,1325,1,0,1500,0,400,3,149,0,28,48,0,,820.9412486257646,Mariana
903,903,0,0,1500,1,449,5,108,0,29,6,0,,784.3720475506169,Mariana
102,102,1,0,1600,0,383,1,404,0,29,48,0,,908.2595450705049,Mariana
10,10,0,0,2000,1,309,6,66,0,29,6,0,,1262.0105922056073,Mariana
752,752,0,0,634,0,931,12,127,0,29,0,0,,-221.65413712895642,Mariana
922,922,0,0,2000,0,499,2,168,0,29,48,168,,1120.211649261157,Mariana
221,221,0,0,400,0,389,11,54,0,29,48,0,,8.209412486257646,Mariana
935,935,0,0,600,1,315,4,93,0,29,6,0,,212.69841441667538,Mariana
512,512,1,0,300,0,804,9,75,0,29,48,140,,-376.14035391580484,Mariana
9,9,0,1,500,1,828,18,89,0,29,6,0,,-244.78975413568253,Mariana
1021,1021,1,0,400,0,379,4,83,0,29,0,100,,15.672514746491869,Mariana
934,934,0,0,320,0,501,12,72,0,29,180,0,,-135.08215091023945,Mariana
731,731,1,0,660,0,503,3,187,0,29,48,0,,117.1707054856773,Mariana
1326,1326,0,0,650,0,652,12,89,0,29,120,0,,-1.4926204520468447,Mariana
214,214,1,0,1200,0,535,2,290,0,29,48,0,,496.29630030557587,Mariana
1363,1363,0,0,360,0,460,10,70,0,29,0,0,,-74.63102260234223,Mariana
37,37,0,0,300,1,399,10,55,0,29,6,0,,-73.88471237631882,Mariana
840,840,1,0,2000,0,557,3,207,0,29,48,0,,1076.9256561517984,Mariana
1186,1186,1,0,800,1,929,6,197,0,29,6,0,,-96.27401915702148,Mariana
125,125,1,0,640,0,855,12,72,0,29,48,0,,-160.45669859503582,Mariana
450,450,0,0,360,0,337,10,51,1,29,60,0,,17.165135198538714,Mariana
1122,1122,1,0,560,1,376,10,55,0,29,6,0,,137.3210815883097,Mariana
1434,1434,1,0,800,0,529,6,67,0,29,48,200,,202.25007125234745,Mariana
1266,1266,0,0,600,1,459,10,64,0,29,6,0,,105.22974186930254,Mariana
1443,1443,1,0,1300,0,694,12,94,0,29,8,0,,452.26399697019394,Mariana
879,879,1,0,712,0,459,3,125,1,29,120,125,,188.81648718392586,Mariana
991,991,0,0,800,1,465,15,55,0,29,6,0,,250.0139257178465,Mariana
737,737,1,0,1500,0,578,12,79,1,29,0,0,,688.0980283935954,Mariana
1489,1489,1,0,650,1,860,10,130,0,29,6,0,,-156.72514746491868,Mariana
1273,1273,1,0,500,0,699,11,97,0,29,48,0,,-148.51573497866104,Mariana
41,41,1,0,966,1,462,10,70,0,29,6,0,,376.14035391580484,Mariana
951,951,1,0,400,1,410,10,63,0,29,6,0,,-7.463102260234224,Mariana
638,638,0,0,500,1,567,6,121,0,29,6,0,,-50.0027851435693,Mariana
384,384,0,0,2500,1,455,10,69,0,29,6,0,,1526.2044122178986,Mariana
631,631,1,0,800,1,683,9,111,0,29,6,0,,87.31829644474041,Mariana
686,686,1,0,300,1,373,10,54,0,29,6,0,,-54.48064649970983,Mariana
788,788,0,0,300,1,395,10,60,0,30,6,0,,-70.89947147222512,Mariana
668,668,0,0,753,1,639,10,88,0,30,6,0,,85.07936576667015,Mariana
821,821,0,0,1000,0,776,12,105,1,30,12,0,,167.1734906292466,Mariana
1383,1383,1,0,550,1,399,10,55,0,30,6,0,,112.69284412953678,Mariana
911,911,0,1,500,1,399,10,55,0,30,6,0,,75.37733282836565,Mariana
6,6,0,2,580,1,349,10,51,0,30,6,0,,172.39766221141056,Mariana
1361,1361,0,0,700,1,430,9,70,0,30,6,0,,201.50376102632404,Mariana
585,585,0,0,600,1,341,6,73,0,30,6,0,,193.29434854006638,Mariana
861,861,1,0,600,1,301,6,65,0,30,6,0,,223.14675758100327,Mariana
937,937,0,0,1200,0,796,6,168,0,30,0,0,,301.5093313134626,Mariana
770,770,0,0,1620,0,735,8,130,0,30,60,0,,660.4845500307288,Mariana
138,138,0,0,1200,1,489,12,66,0,30,6,0,,530.6265707026533,Mariana
329,329,0,0,450,0,403,12,55,0,30,0,0,,35.07658062310085,Mariana
1259,1259,0,0,1200,1,747,10,103,0,30,6,0,,338.0785323886103,Mariana
321,321,1,0,560,0,829,6,142,0,30,48,142,,-200.7574508003006,Mariana
983,983,0,0,609,0,830,10,126,0,30,0,0,,-164.93455995117634,Mariana
950,950,0,0,450,1,550,24,53,0,30,6,0,,-74.63102260234223,Mariana
972,972,0,0,578,1,459,10,70,0,30,6,0,,88.81091689678726,Mariana
311,311,1,0,750,0,499,3,182,0,30,48,0,,187.323866731879,Mariana
831,831,1,0,550,0,301,3,112,0,30,48,0,,185.83124627983216,Mariana
974,974,0,0,800,0,345,5,84,0,30,0,0,,339.5711528406572,Mariana
1351,1351,1,0,700,1,403,3,150,0,30,6,0,,221.65413712895642,Mariana
1187,1187,1,0,532,0,399,12,54,1,30,0,0,,99.25926006111517,Mariana
687,687,1,0,411,0,514,12,70,0,30,108,0,,-76.8699532804125,Mariana
1437,1437,0,0,990,0,531,6,118,0,30,0,0,,342.55639374475084,Mariana
1158,1158,0,0,1600,1,429,10,60,0,30,6,0,,873.9292746734276,Mariana
1205,1205,0,0,426,0,858,12,72,0,30,0,0,,-322.40601764211846,Mariana
403,403,0,0,450,0,316,6,54,0,30,0,0,,100.0055702871386,Mariana
1055,1055,0,0,500,1,810,6,130,0,30,6,200,,-231.35617006726093,Mariana
1056,1056,1,0,336,1,479,9,78,0,30,6,0,,-106.7223623213494,Mariana
1036,1036,0,0,400,1,546,10,83,0,30,6,0,,-108.96129299941965,Mariana
1157,1157,0,0,600,0,643,6,108,0,30,0,0,,-32.09133971900716,Mariana
376,376,1,0,5500,1,442,1,442,0,30,0,0,,3774.8371232264703,Mariana
1237,1237,0,0,350,1,399,9,65,0,30,6,0,,-36.569201075147696,Mariana
517,517,1,0,500,0,318,3,118,0,30,48,0,,135.82846113626286,Mariana
1124,1124,1,0,300,1,410,9,67,0,30,6,0,,-82.09412486257646,Mariana
1188,1188,1,0,500,1,480,10,67,0,30,6,0,,14.926204520468447,Mariana
279,279,0,0,2000,0,359,6,70,0,30,48,0,,1224.695080904436,Mariana
1324,1324,0,0,319,0,420,10,65,0,30,0,0,,-75.37733282836565,Mariana
589,589,1,2,650,1,537,6,113,0,30,6,0,,84.33305554064673,Mariana
12,12,1,0,2500,0,921,4,267,0,30,6,0,,1178.423846890984,Mariana
1304,1304,0,0,1500,0,400,2,141,1,30,42,141,,820.9412486257646,Mariana
1407,1407,0,2,411,1,468,10,65,0,30,6,0,,-42.539682883335075,Mariana
19,19,0,0,300,1,309,6,66,0,30,6,0,,-6.716792034210801,Mariana
1465,1465,0,1,550,0,369,9,60,0,30,6,0,,135.08215091023945,Mariana
298,298,1,0,1000,1,466,4,136,0,31,6,0,,398.5296606965075,Mariana
141,141,1,0,5610,1,567,10,78,0,31,6,0,,3763.642469836119,Mariana
958,958,0,0,1600,0,488,10,75,1,31,108,0,,829.8969713380457,Mariana
658,658,0,0,580,1,424,12,57,0,31,6,0,,116.42439525965389,Mariana
356,356,1,0,5610,1,427,10,53,0,31,6,0,,3868.125901479398,Mariana
1023,1023,0,0,300,1,468,10,64,0,31,6,0,,-125.38011797193495,Mariana
1278,1278,0,0,1500,1,495,12,67,1,31,0,0,,750.0417771535394,Mariana
1204,1204,0,0,1225,1,1095,10,143,0,31,6,0,,97.02032938304491,Mariana
246,246,0,0,4500,1,667,10,96,0,31,6,0,,2860.6070963477778,Mariana
1000,1000,1,0,300,1,529,9,86,0,31,6,0,,-170.9050417593637,Mariana
898,898,1,0,580,1,565,6,120,0,31,6,0,,11.194653390351336,Mariana
986,986,1,0,600,0,428,12,58,1,31,108,0,,128.36535887602864,Mariana
640,640,0,0,1400,1,562,12,79,0,31,6,0,,625.4079694076279,Mariana
536,536,1,0,700,1,402,6,86,0,31,6,0,,222.40044735497986,Mariana
483,483,1,0,563,0,599,10,91,1,31,0,0,,-26.867168136843205,Mariana
1031,1031,0,0,905,1,398,6,84,0,31,6,0,,378.3792845938751,Mariana
511,511,1,0,534,0,443,12,60,1,31,36,0,,67.91423056813143,Mariana
581,581,0,1,800,1,435,10,66,0,31,6,0,,272.40323249854913,Mariana
1217,1217,0,0,600,1,499,4,146,0,31,6,0,,75.37733282836565,Mariana
401,401,0,0,543,1,931,9,132,0,31,6,0,,-289.56836769708787,Mariana
1242,1242,1,0,2000,1,639,10,88,0,31,6,0,,1015.7282176178778,Mariana
98,98,1,0,800,1,815,10,123,0,31,6,0,,-11.194653390351336,Mariana
392,392,0,0,461,0,420,12,57,0,31,6,0,,30.598719266960316,Mariana
3,3,0,0,3000,0,552,12,76,1,31,60,0,,1826.9674333053379,Mariana
158,158,0,0,800,1,480,10,67,0,31,6,0,,238.81927232749516,Mariana
428,428,1,0,1400,1,698,3,223,0,31,6,100,,523.9097786684425,Mariana
397,397,1,0,510,0,410,10,63,0,31,6,0,,74.63102260234223,Mariana
412,412,0,0,580,1,460,12,62,0,31,6,0,,89.55722712281069,Mariana
1432,1432,1,0,800,0,418,9,68,1,31,60,0,,285.09050634094734,Mariana
1459,1459,0,1,400,1,450,10,69,0,31,6,0,,-37.315511301171114,Mariana
711,711,0,0,300,1,465,10,71,0,31,6,0,,-123.14118729386469,Mariana
482,482,1,0,750,0,851,12,116,1,31,60,0,,-75.37733282836565,Mariana
441,441,1,0,1780,0,478,2,256,0,31,48,0,,971.6959142824959,Mariana
1132,1132,0,0,500,0,588,6,133,0,31,0,0,,-65.67529989006117,Mariana
1133,1133,0,0,750,1,849,10,117,0,31,6,0,,-73.88471237631882,Mariana
689,689,1,0,600,0,477,12,65,0,31,0,0,,91.79615780088095,Mariana
1483,1483,0,0,3604,1,651,24,63,0,31,6,0,,2203.854097447166,Mariana
1115,1115,1,0,5610,1,600,10,75,0,31,6,0,,3739.0142323773457,Mariana
1493,1493,0,0,541,1,408,5,100,0,31,6,0,,99.25926006111517,Mariana
310,310,0,0,756,1,618,10,85,0,32,6,0,,102.99081119123228,Mariana
129,129,1,0,483,0,786,10,108,0,32,6,0,,-226.13199848509697,Mariana
735,735,1,0,602,0,595,6,138,1,32,24,0,,5.224171582163956,Mariana
396,396,1,0,720,0,401,4,118,0,32,0,0,,238.07296210147172,Mariana
1137,1137,1,0,1527,0,1899,12,233,0,32,48,0,,-277.6274040807131,Mariana
1219,1219,1,0,930,1,550,4,162,0,32,6,0,,283.59788588890046,Mariana
1160,1160,1,0,2500,0,384,2,205,0,32,48,0,,1579.1924382655616,Mariana
419,419,0,0,2500,0,829,12,102,0,32,48,0,,1247.0843876851388,Mariana
261,261,1,0,667,0,557,11,64,1,32,0,64,,82.09412486257646,Mariana
197,197,0,0,300,1,537,10,78,0,32,6,0,,-176.87552356755108,Mariana
1144,1144,1,0,1500,1,484,3,132,1,32,12,132,,758.2511896397971,Mariana
1430,1430,0,0,400,1,359,10,55,0,32,6,0,,30.598719266960316,Mariana
256,256,0,0,1800,0,560,7,110,1,32,12,0,,925.4246802690437,Mariana
252,252,1,0,502,0,463,4,137,0,32,48,0,,29.106098814913473,Mariana
152,152,1,0,350,0,399,12,54,0,32,0,0,,-36.569201075147696,Mariana
347,347,1,0,1000,0,999,12,123,0,32,48,0,,0.7463102260234223,Mariana
696,696,1,0,1200,0,416,6,89,0,32,6,0,,585.1072172023631,Mariana
1145,1145,0,0,600,1,403,12,56,1,32,0,0,,147.0231145266142,Mariana
818,818,0,0,1300,1,639,10,88,0,32,6,0,,493.31105940148217,Mariana
106,106,0,0,600,1,738,10,102,0,32,6,0,,-102.99081119123228,Mariana
611,611,0,1,350,1,499,12,68,0,32,6,0,,-111.20022367748993,Mariana
679,679,0,0,600,1,849,10,117,0,32,6,0,,-185.83124627983216,Mariana
1001,1001,0,0,455,0,453,12,63,1,32,12,0,,1.4926204520468447,Mariana
997,997,1,0,650,1,600,6,65,0,32,6,300,,37.315511301171114,Mariana
960,960,1,0,327,1,469,12,64,0,32,6,0,,-105.97605209532597,Mariana
710,710,1,0,600,0,328,3,122,0,32,48,0,,202.99638147837086,Mariana
543,543,0,0,400,1,462,12,63,0,32,6,0,,-46.27123401345219,Mariana
721,721,0,2,468,1,309,6,66,0,32,6,0,,118.66332593772415,Mariana
789,789,0,0,750,0,376,10,57,0,32,108,0,,279.12002453275994,Mariana
694,694,1,0,1055,1,1059,10,128,0,32,6,130,,-2.9852409040936894,Mariana
959,959,0,0,800,1,459,10,64,0,32,6,0,,254.491787073987,Mariana
458,458,0,0,500,1,563,10,85,0,32,6,0,,-47.017544239475605,Mariana
599,599,0,0,600,1,410,10,63,0,32,6,0,,141.79894294445023,Mariana
685,685,0,0,690,0,598,12,76,0,32,0,0,,68.66054079415485,Mariana
813,813,0,0,558,1,549,6,117,0,32,6,0,,6.716792034210801,Mariana
681,681,0,0,400,1,546,6,116,0,32,6,0,,-108.96129299941965,Mariana
1084,1084,1,0,356,0,404,9,63,0,32,48,0,,-35.82289084912427,Mariana
468,468,1,0,415,1,588,10,89,0,32,6,0,,-129.11166910205208,Mariana
931,931,0,0,1300,0,915,12,125,1,32,0,0,,287.3294370190176,Mariana
1401,1401,0,1,350,1,480,10,67,0,33,6,0,,-97.02032938304491,Mariana
103,103,0,0,700,1,485,10,74,0,33,6,0,,160.45669859503582,Mariana
714,714,0,0,900,0,530,12,73,0,33,0,0,,276.13478362866624,Mariana
304,304,0,0,360,0,519,15,64,0,33,228,0,,-118.66332593772415,Mariana
1301,1301,1,0,300,1,309,5,75,0,33,6,0,,-6.716792034210801,Mariana
853,853,0,0,323,0,375,10,58,0,33,0,0,,-38.808131753217964,Mariana
939,939,0,0,451,1,489,9,80,0,33,6,0,,-28.359788588890048,Mariana
1182,1182,0,0,1200,1,470,6,79,0,33,6,100,,544.8064649970983,Mariana
844,844,0,0,600,0,617,12,85,0,33,0,0,,-12.687273842398179,Mariana
1457,1457,0,0,3000,1,1122,9,181,0,33,6,0,,1401.570604471987,Mariana
1498,1498,0,0,360,0,384,12,52,0,33,36,0,,-17.911445424562135,Mariana
1094,1094,1,0,500,1,555,6,118,0,33,6,0,,-41.04706243128823,Mariana
92,92,0,2,520,0,616,10,98,0,33,0,0,,-71.64578169824854,Mariana
1491,1491,0,0,543,0,502,12,68,0,33,48,0,,30.598719266960316,Mariana
469,469,1,0,550,0,805,12,109,1,33,108,0,,-190.3091076359727,Mariana
473,473,0,2,709,1,399,10,55,0,33,6,0,,231.35617006726093,Mariana
128,128,0,0,1500,0,569,11,66,0,33,24,66,,694.8148204278062,Mariana
477,477,0,2,709,1,398,10,57,0,33,6,0,,232.10248029328434,Mariana
1178,1178,0,0,1333,1,670,12,90,0,33,6,0,,494.803679853529,Mariana
1050,1050,0,0,550,0,369,10,57,0,33,12,0,,135.08215091023945,Mariana
587,587,0,0,2500,0,518,11,60,0,33,0,60,,1479.1868679784232,Mariana
622,622,1,0,900,1,2005,5,169,0,33,6,1300,,-824.6727997558817,Mariana
1314,1314,0,0,519,0,576,12,78,1,33,0,0,,-42.539682883335075,Mariana
1189,1189,0,0,800,1,490,12,67,0,33,0,0,,231.35617006726093,Mariana
1341,1341,0,0,2500,0,497,12,60,0,33,0,60,,1494.859382724915,Mariana
229,229,0,0,600,1,525,4,153,0,33,6,0,,55.97326695175668,Mariana
1238,1238,0,0,300,0,556,12,76,0,33,0,0,,-191.05541786199612,Mariana
1442,1442,0,0,2025,1,639,10,88,0,33,6,0,,1034.3859732684634,Mariana
1452,1452,1,0,341,1,400,5,97,0,33,6,0,,-44.03230333538192,Mariana
1429,1429,0,0,2000,1,1040,12,140,0,33,6,0,,716.4578169824855,Mariana
523,523,0,0,603,1,480,10,67,0,33,6,0,,91.79615780088095,Mariana
1471,1471,0,0,1000,1,463,6,99,0,33,6,0,,400.7685913745778,Mariana
1029,1029,0,0,480,0,681,20,74,0,33,24,0,,-150.0083554307079,Mariana
89,89,2,0,316,0,436,12,59,0,33,12,0,,-89.55722712281069,Mariana
172,172,0,0,300,1,519,10,72,0,33,6,0,,-163.4419394991295,Mariana
692,692,0,0,1168,1,349,10,51,0,33,6,0,,611.2280751131829,Mariana
1369,1369,0,0,800,0,638,12,79,0,33,48,0,,120.90225661579441,Mariana
320,320,0,1,520,1,567,5,138,0,33,6,0,,-35.07658062310085,Mariana
834,834,0,0,300,1,398,10,58,0,33,6,0,,-73.13840215029539,Mariana
1276,1276,1,0,552,0,700,12,96,0,33,24,0,,-110.4539134514665,Mariana
259,259,0,0,700,0,301,7,59,1,33,180,0,,297.7777801833455,Mariana
244,244,0,0,700,1,375,10,57,0,33,6,0,,242.55082345761227,Mariana
1379,1379,1,0,380,1,560,10,85,0,33,6,0,,-134.335840684216,Mariana
237,237,1,0,600,1,409,3,152,0,33,48,0,,142.54525317047367,Mariana
598,598,0,0,500,1,399,10,55,0,33,6,0,,75.37733282836565,Mariana
1,1,0,0,350,1,468,10,65,0,33,6,0,,-88.06460667076384,Mariana
69,69,1,0,700,0,618,6,140,0,33,144,0,,61.19743853392063,Mariana
255,255,0,0,600,0,468,12,64,0,34,240,0,,98.51294983509175,Mariana
1473,1473,0,4,314,1,365,6,78,0,34,6,0,,-38.06182152719454,Mariana
779,779,1,0,1500,0,402,3,149,0,34,48,0,,819.4486281737177,Mariana
702,702,1,0,870,1,570,12,77,0,34,6,0,,223.8930678070267,Mariana
497,497,0,2,2000,1,747,10,103,0,34,6,0,,935.1267132073482,Mariana
956,956,0,0,346,1,347,10,53,0,34,6,0,,-0.7463102260234223,Mariana
625,625,1,0,1200,1,539,9,88,0,34,6,0,,493.31105940148217,Mariana
1129,1129,0,0,500,0,441,10,67,0,34,6,0,,44.03230333538192,Mariana
455,455,2,0,1500,0,391,8,70,1,34,0,0,,827.6580406599754,Mariana
435,435,0,0,300,0,529,12,58,0,34,12,100,,-170.9050417593637,Mariana
1180,1180,0,0,551,1,647,10,94,0,34,6,0,,-71.64578169824854,Mariana
1362,1362,0,0,579,0,378,4,109,0,34,6,0,,150.0083554307079,Mariana
357,357,0,0,4000,1,369,10,56,0,34,6,0,,2709.8524306910467,Mariana
1212,1212,0,0,1215,1,674,9,110,0,34,6,0,,403.7538322786715,Mariana
1140,1140,1,0,546,0,474,10,72,0,34,240,0,,53.73433627368641,Mariana
729,729,0,0,500,1,329,4,97,0,34,6,0,,127.61904865000523,Mariana
58,58,1,0,1500,1,984,9,140,0,34,6,117,,385.09607662808594,Mariana
1010,1010,0,0,2600,0,4000,12,467,0,34,0,0,,-1044.8343164327912,Mariana
186,186,0,0,3000,1,846,3,315,0,34,6,0,,1607.5522268544516,Mariana
1344,1344,0,0,1300,1,421,10,64,0,34,6,0,,656.0066886745882,Mariana
363,363,0,2,564,1,618,10,89,0,34,6,0,,-40.30075220526481,Mariana
132,132,1,0,700,1,356,6,79,1,34,84,0,,256.7307177520573,Mariana
515,515,0,0,1300,1,480,10,67,0,34,6,0,,611.9743853392063,Mariana
388,388,0,0,378,0,704,8,89,0,34,0,0,,-243.29713368363568,Mariana
109,109,0,2,740,1,480,10,67,0,34,6,0,,194.04065876608982,Mariana
835,835,0,0,500,0,441,10,67,0,34,6,0,,44.03230333538192,Mariana
218,218,0,0,500,1,541,10,82,0,34,6,0,,-30.598719266960316,Mariana
111,111,0,0,850,0,443,12,60,0,34,0,0,,303.7482619915329,Mariana
945,945,1,0,446,0,465,10,71,0,34,120,0,,-14.179894294445024,Mariana
886,886,0,0,1500,1,650,10,98,0,34,6,0,,634.3636921199089,Mariana
399,399,1,0,750,0,586,10,89,0,34,6,0,,122.39487706784126,Mariana
859,859,0,0,400,0,470,6,89,0,34,180,70,,-52.241715821639566,Mariana
1172,1172,0,0,400,1,345,9,57,0,34,6,0,,41.04706243128823,Mariana
1167,1167,1,0,5000,0,402,1,424,0,34,48,0,,3431.534419255696,Mariana
678,678,1,0,330,1,449,12,62,0,34,0,0,,-88.81091689678726,Mariana
381,381,1,0,5131,1,579,6,123,0,34,6,0,,3397.2041488586183,Mariana
1417,1417,0,0,800,0,514,6,110,0,34,6,0,,213.4447246426988,Mariana
584,584,1,0,505,1,480,10,67,0,34,6,0,,18.657755650585557,Mariana
747,747,1,0,600,0,1090,12,96,1,34,0,390,,-365.69201075147697,Mariana
583,583,1,0,1560,0,1601,10,243,1,34,72,0,,-30.598719266960316,Mariana
541,541,1,0,2000,1,432,9,71,0,34,6,0,,1170.2144344047263,Mariana
213,213,1,0,398,1,420,10,58,0,34,6,0,,-16.418824972515292,Mariana
527,527,0,0,1099,1,812,10,124,1,34,0,0,,214.1910348687222,Mariana
1111,1111,1,0,900,1,625,10,95,0,34,6,0,,205.23531215644115,Mariana
1400,1400,1,0,610,0,725,10,110,0,34,0,0,,-85.82567599269358,Mariana
291,291,0,0,800,0,530,20,58,0,34,60,0,,201.50376102632404,Mariana
557,557,1,0,3000,1,1810,9,96,0,34,6,1222,,888.1091689678726,Mariana
1163,1163,0,0,500,1,489,6,104,0,34,6,0,,8.209412486257646,Mariana
139,139,0,0,1400,1,350,4,103,0,34,6,0,,783.6257373245935,Mariana
857,857,0,0,2100,0,618,10,85,0,34,6,0,,1106.031754966712,Mariana
167,167,0,0,850,0,559,10,85,0,34,6,0,,217.1762757728159,Mariana
665,665,0,0,500,1,375,5,68,0,34,6,93,,93.2887782529278,Mariana
313,313,1,0,480,0,518,12,71,0,34,30,0,,-28.359788588890048,Mariana
370,370,2,0,573,1,616,12,84,0,35,48,0,,-32.09133971900716,Mariana
1438,1438,0,0,360,1,425,12,58,0,35,120,0,,-48.510164691522455,Mariana
181,181,1,0,350,0,422,7,82,1,35,60,0,,-53.73433627368641,Mariana
367,367,0,0,800,0,510,10,78,1,35,96,0,,216.4299655467925,Mariana
352,352,0,0,500,0,456,10,70,0,35,120,0,,32.837649945030584,Mariana
395,395,1,0,450,1,448,10,69,1,35,0,0,,1.4926204520468447,Mariana
524,524,1,0,348,0,1068,12,90,0,35,48,0,,-537.343362736864,Mariana
1463,1463,0,0,404,0,631,6,106,0,35,0,0,,-169.41242130731686,Mariana
1231,1231,1,0,380,0,332,6,77,0,35,156,0,,35.82289084912427,Mariana
130,130,0,0,760,0,342,6,68,0,35,6,24,,311.95767447779053,Mariana
349,349,1,0,700,1,450,9,74,0,35,6,0,,186.5775565058556,Mariana
723,723,1,0,2000,1,550,9,90,0,35,6,0,,1082.1498277339624,Mariana
1215,1215,0,0,300,0,429,12,58,0,35,156,0,,-96.27401915702148,Mariana
308,308,0,0,600,1,329,6,72,0,35,6,0,,202.25007125234745,Mariana
1046,1046,0,0,417,1,425,12,58,0,35,6,0,,-5.970481808187379,Mariana
965,965,0,0,705,0,409,10,63,0,35,48,0,,220.907826902933,Mariana
170,170,0,0,500,1,348,10,53,0,35,6,0,,113.43915435556019,Mariana
96,96,1,0,693,0,312,6,65,0,35,48,0,,284.34419611492393,Mariana
1213,1213,0,0,892,1,350,10,53,1,35,60,0,,404.5001425046949,Mariana
776,776,0,0,934,0,625,10,95,0,35,0,0,,230.6098598412375,Mariana
558,558,0,0,800,1,612,6,130,0,35,6,0,,140.3063224924034,Mariana
52,52,0,0,450,1,440,10,67,0,35,6,0,,7.463102260234224,Mariana
671,671,0,0,770,1,373,10,57,0,35,6,0,,296.2851597312987,Mariana
823,823,1,0,1886,1,560,6,119,0,35,6,0,,989.607359707058,Mariana
225,225,1,0,500,1,468,10,71,0,35,0,0,,23.881927232749515,Mariana
1285,1285,1,0,409,0,398,10,62,1,35,180,0,,8.209412486257646,Mariana
1169,1169,1,0,500,0,308,3,112,0,35,48,0,,143.29156339649708,Mariana
119,119,0,0,400,1,546,10,83,0,35,6,0,,-108.96129299941965,Mariana
1112,1112,1,0,800,0,495,2,175,0,35,6,175,,227.62461893714382,Mariana
227,227,0,0,800,1,392,9,50,0,35,6,81,,304.4945722175563,Mariana
632,632,0,0,400,1,606,10,92,0,35,6,0,,-153.739906560825,Mariana
1299,1299,0,0,635,0,630,12,86,0,35,0,0,,3.731551130117112,Mariana
233,233,0,0,500,1,459,10,70,0,35,6,0,,30.598719266960316,Mariana
728,728,0,0,700,1,560,5,134,0,35,6,0,,104.48343164327913,Mariana
1496,1496,1,0,2057,0,301,1,318,0,35,48,0,,1310.5207568971296,Mariana
1368,1368,0,0,600,0,399,12,54,0,35,228,0,,150.0083554307079,Mariana
738,738,0,0,1200,1,618,10,89,0,35,6,0,,434.3525515456318,Mariana
1331,1331,0,0,800,0,466,12,59,0,35,240,30,,249.26761549182305,Mariana
248,248,1,0,3500,1,617,10,93,0,35,6,0,,2151.6123816255267,Mariana
1376,1376,0,0,1800,0,901,12,122,0,35,0,0,,670.9328931950566,Mariana
1061,1061,0,3,350,1,639,10,75,0,35,6,100,,-215.68365532076905,Mariana
289,289,1,0,1886,1,329,6,70,0,35,6,0,,1162.0050219184686,Mariana
1453,1453,1,0,840,0,521,10,79,0,35,36,0,,238.07296210147172,Mariana
467,467,1,0,1000,0,413,3,153,0,35,48,0,,438.0841026757489,Mariana
1209,1209,0,0,580,1,382,10,56,0,35,6,0,,147.76942475263763,Mariana
437,437,1,0,400,0,646,10,98,1,35,14,0,,-183.5923156017619,Mariana
664,664,0,0,300,1,399,10,55,0,35,6,0,,-73.88471237631882,Mariana
1455,1455,0,0,1000,1,567,10,78,0,35,6,0,,323.15232786814187,Mariana
147,147,0,0,379,0,599,12,82,0,35,0,0,,-164.18824972515293,Mariana
603,603,1,0,2057,0,366,2,198,0,35,48,0,,1262.0105922056073,Mariana
643,643,0,0,350,1,490,10,75,0,35,6,0,,-104.48343164327913,Mariana
440,440,0,0,306,0,304,9,51,0,35,0,0,,1.4926204520468447,Mariana
918,918,0,0,1800,1,543,4,160,1,35,120,0,,938.1119541114418,Mariana
1117,1117,0,0,1200,1,305,3,115,1,35,108,0,,667.947652290963,Mariana
1185,1185,0,0,1123,1,1059,10,145,0,36,6,0,,47.76385446549903,Mariana
1016,1016,0,0,680,0,769,12,105,0,36,216,0,,-66.4216101160846,Mariana
594,594,0,0,600,1,585,12,79,0,36,6,0,,11.194653390351336,Mariana
275,275,0,0,1600,1,349,10,51,0,36,6,0,,933.6340927553014,Mariana
1284,1284,0,0,730,1,460,10,70,0,36,6,0,,201.50376102632404,Mariana
67,67,2,0,606,0,468,6,106,1,36,0,0,,102.99081119123228,Mariana
1274,1274,0,0,400,0,480,12,69,0,36,0,0,,-59.70481808187379,Mariana
966,966,0,0,1000,1,348,10,51,0,36,6,0,,486.59426736727136,Mariana
565,565,0,0,2000,1,534,10,77,0,36,6,0,,1094.0907913503372,Mariana
619,619,0,0,3000,1,922,12,124,0,36,6,0,,1550.8326496766717,Mariana
28,28,0,0,900,0,473,12,64,1,36,48,0,,318.67446651200135,Mariana
1366,1366,0,0,492,0,833,11,96,0,36,48,96,,-254.491787073987,Mariana
40,40,0,2,1800,1,480,12,65,0,36,6,0,,985.1294983509175,Mariana
907,907,1,0,1000,0,496,2,269,0,36,48,0,,376.14035391580484,Mariana
1155,1155,1,0,2173,0,491,3,182,0,36,48,0,,1255.2938001713965,Mariana
926,926,1,0,300,0,440,5,89,0,36,48,0,,-104.48343164327913,Mariana
410,410,0,0,345,0,318,6,72,0,36,0,0,,20.150376102632404,Mariana
1114,1114,1,0,2500,1,302,2,163,0,36,6,0,,1640.3898767994824,Mariana
271,271,1,0,1300,1,405,4,119,0,36,6,0,,667.947652290963,Mariana
325,325,1,0,1500,1,457,2,248,0,36,48,0,,778.4015657424295,Mariana
1240,1240,0,0,400,1,429,10,60,0,36,6,0,,-21.642996554679247,Mariana
323,323,0,0,1400,0,450,12,61,0,36,0,0,,708.9947147222513,Mariana
1346,1346,0,0,2500,0,350,3,96,1,36,120,96,,1604.566985950358,Mariana
1288,1288,0,2,350,1,483,12,65,0,36,6,0,,-99.25926006111517,Mariana
1251,1251,0,0,3000,1,429,10,60,0,36,6,0,,1918.7635911062189,Mariana
330,330,1,0,480,1,537,10,78,0,36,6,0,,-42.539682883335075,Mariana
516,516,1,0,600,1,418,10,64,0,36,6,0,,135.82846113626286,Mariana
1038,1038,0,0,2000,1,590,4,129,0,36,6,150,,1052.2974186930255,Mariana
1480,1480,0,0,900,1,375,6,80,0,36,6,0,,391.81286866229675,Mariana
783,783,0,0,500,1,360,10,55,0,36,6,0,,104.48343164327913,Mariana
698,698,0,0,500,1,460,10,61,0,36,6,60,,29.852409040936895,Mariana
1394,1394,0,0,484,1,618,10,89,0,36,6,0,,-100.0055702871386,Mariana
234,234,0,0,2064,1,450,10,68,0,36,6,0,,1204.5447048018036,Mariana
231,231,0,0,430,0,422,10,64,0,36,0,0,,5.970481808187379,Mariana
718,718,0,0,800,0,442,3,161,0,36,48,0,,267.1790609163852,Mariana
1422,1422,0,0,900,1,312,4,92,0,36,6,0,,438.8304129017723,Mariana
669,669,1,0,2500,1,302,2,163,0,36,6,0,,1640.3898767994824,Mariana
156,156,1,0,790,0,918,12,130,1,36,144,0,,-95.52770893099806,Mariana
166,166,1,0,1200,0,888,5,217,0,36,48,0,,232.84879051930778,Mariana
742,742,1,0,513,0,412,6,70,0,36,48,0,,75.37733282836565,Mariana
193,193,0,0,1500,0,611,15,67,1,36,240,67,,663.4697909348224,Mariana
852,852,0,0,800,1,395,12,54,0,36,6,0,,302.255641539486,Mariana
722,722,1,0,553,1,572,8,101,1,36,0,0,,-14.179894294445024,Mariana
53,53,0,0,900,1,565,12,76,0,36,6,0,,250.0139257178465,Mariana
579,579,0,2,300,1,420,10,58,0,36,6,0,,-89.55722712281069,Mariana
1135,1135,1,0,301,0,466,12,63,0,36,96,0,,-123.14118729386469,Mariana
315,315,1,0,500,0,633,6,106,0,36,48,0,,-99.25926006111517,Mariana
546,546,0,0,1364,0,306,6,70,0,36,0,0,,789.5962191327808,Mariana
582,582,2,0,450,0,481,12,66,0,36,0,0,,-23.135617006726093,Mariana
91,91,0,0,1400,1,872,2,293,0,36,0,293,,394.051799340367,Mariana
693,693,1,0,800,0,689,4,85,0,36,48,400,,82.84043508859988,Mariana
850,850,1,0,2500,0,636,2,344,0,36,48,0,,1391.1222613076593,Mariana
495,495,0,0,1600,1,657,10,91,0,36,6,0,,703.7705431400873,Mariana
1405,1405,0,0,800,1,322,6,71,0,37,6,0,,356.73628803919587,Mariana
1398,1398,0,0,993,0,510,12,69,1,37,60,0,,360.467839169313,Mariana
107,107,1,0,300,0,452,12,62,1,37,144,0,,-113.43915435556019,Mariana
559,559,1,0,2485,1,1296,10,186,0,37,6,0,,887.3628587418492,Mariana
833,833,0,3,1000,1,849,10,117,0,37,6,0,,112.69284412953678,Mariana
865,865,0,0,800,1,589,6,131,1,37,0,0,,157.47145769094212,Mariana
266,266,0,2,378,0,339,10,52,0,37,6,0,,29.106098814913473,Mariana
1292,1292,0,0,780,1,489,10,74,0,37,6,0,,217.1762757728159,Mariana
239,239,1,0,2000,0,984,12,83,0,37,48,0,,758.2511896397971,Mariana
295,295,0,0,480,1,399,6,87,0,37,6,0,,60.45112830789721,Mariana
621,621,1,0,2000,0,1550,8,274,1,37,0,0,,335.8396017105401,Mariana
838,838,1,0,576,0,719,15,89,0,37,24,0,,-106.7223623213494,Mariana
114,114,0,0,480,1,849,3,131,0,37,6,500,,-275.38847340264283,Mariana
896,896,1,0,360,0,469,12,64,0,37,204,0,,-81.34781463655304,Mariana
975,975,0,0,500,1,390,10,60,0,37,6,0,,82.09412486257646,Mariana
1408,1408,1,0,800,1,849,12,101,0,37,6,100,,-36.569201075147696,Mariana
979,979,0,0,1860,1,782,10,118,0,37,6,0,,804.5224236532492,Mariana
1271,1271,0,0,480,0,558,5,113,0,37,190,0,,-58.212197629826946,Mariana
670,670,0,0,960,1,337,6,72,0,37,6,0,,464.9512708125921,Mariana
1359,1359,0,1,1600,1,618,10,89,0,37,6,0,,732.8766419550008,Mariana
1262,1262,1,0,750,1,567,10,78,0,37,6,0,,136.5747713622863,Mariana
885,885,1,0,411,0,305,4,92,0,37,240,0,,79.10888395848276,Mariana
1275,1275,0,0,1100,0,694,12,94,0,37,60,0,,303.0019517655095,Mariana
674,674,1,0,833,1,375,10,57,0,37,6,0,,341.8100835187274,Mariana
676,676,0,0,500,1,567,10,78,0,37,6,0,,-50.0027851435693,Mariana
942,942,0,0,1000,1,519,10,72,0,37,6,0,,358.97521871726616,Mariana
236,236,1,0,450,0,468,12,65,0,37,24,0,,-13.433584068421602,Mariana
858,858,1,0,600,1,459,5,111,0,37,6,0,,105.22974186930254,Mariana
767,767,0,0,1000,1,449,6,96,0,37,6,0,,411.2169345389057,Mariana
1499,1499,0,4,501,1,849,10,117,0,37,6,0,,-259.715958656151,Mariana
1303,1303,0,0,500,0,316,5,77,0,37,12,0,,137.3210815883097,Mariana
534,534,1,0,1000,1,618,10,89,0,37,6,0,,285.09050634094734,Mariana
351,351,0,0,400,0,537,10,78,0,37,6,0,,-102.24450096520886,Mariana
1214,1214,1,0,500,0,546,15,68,0,37,72,0,,-34.33027039707743,Mariana
1469,1469,1,0,700,1,441,12,60,0,37,6,0,,193.29434854006638,Mariana
809,809,0,0,500,1,590,6,126,0,37,6,0,,-67.167920342108,Mariana
1013,1013,0,3,627,1,979,9,126,0,37,6,200,,-262.7011995602447,Mariana
1233,1233,0,0,550,1,469,5,89,0,37,6,100,,60.45112830789721,Mariana
892,892,1,0,1800,0,699,3,259,0,37,48,0,,821.687558851788,Mariana
1026,1026,1,0,920,0,700,12,99,1,37,192,0,,164.18824972515293,Mariana
1200,1200,0,0,500,1,480,10,67,0,37,6,0,,14.926204520468447,Mariana
1033,1033,1,0,300,1,470,10,72,0,37,6,0,,-126.8727384239818,Mariana
525,525,1,0,1432,1,618,10,89,0,37,6,0,,607.4965239830658,Mariana
1044,1044,0,0,1000,1,639,10,68,0,37,6,150,,269.4179915944555,Mariana
1194,1194,0,0,330,1,340,6,73,0,37,6,0,,-7.463102260234224,Mariana
115,115,0,0,600,0,461,11,70,0,37,60,0,,103.73712141725571,Mariana
1441,1441,0,0,450,1,399,10,55,0,37,6,0,,38.06182152719454,Mariana
373,373,1,0,990,1,337,9,55,0,37,6,0,,487.34057759329477,Mariana
420,420,1,0,412,1,610,12,69,0,37,36,100,,-147.76942475263763,Mariana
127,127,1,0,600,0,870,12,118,0,37,48,0,,-201.50376102632404,Mariana
746,746,0,0,450,1,429,10,59,0,37,6,0,,15.672514746491869,Mariana
1093,1093,3,0,800,0,632,12,78,1,37,36,78,,125.38011797193495,Mariana
1086,1086,0,0,2000,1,567,10,78,0,37,6,0,,1069.4625538915643,Mariana
1047,1047,0,0,300,1,463,10,70,0,37,6,0,,-121.64856684181784,Mariana
1191,1191,1,0,833,1,470,10,72,0,37,6,0,,270.9106120465023,Mariana
1162,1162,0,0,960,1,420,6,89,0,37,6,0,,403.0075220526481,Mariana
1192,1192,0,0,600,0,930,10,111,1,38,180,200,,-246.28237458772938,Mariana
425,425,0,2,1500,1,849,10,117,0,38,6,0,,485.84795714124795,Mariana
828,828,1,0,558,1,480,10,67,0,38,6,0,,58.212197629826946,Mariana
318,318,0,3,1380,1,1074,2,360,0,38,140,360,,228.37092916316723,Mariana
635,635,0,0,2500,0,3017,10,302,0,38,0,0,,-385.84238685410935,Mariana
344,344,0,0,3000,1,438,6,93,0,38,6,0,,1912.046799072008,Mariana
302,302,1,0,1500,1,480,10,67,0,38,6,0,,761.2364305438908,Mariana
451,451,0,0,1000,1,782,10,118,0,38,6,0,,162.69562927310608,Mariana
562,562,1,0,320,0,451,12,61,0,38,12,0,,-97.76663960906832,Mariana
341,341,1,0,560,0,640,11,77,0,38,132,100,,-59.70481808187379,Mariana
120,120,0,0,655,1,399,10,55,0,38,6,0,,191.05541786199612,Mariana
222,222,1,0,861,1,350,10,54,0,38,6,0,,381.3645254979688,Mariana
713,713,0,0,867,1,885,10,122,0,38,6,0,,-13.433584068421602,Mariana
340,340,0,3,500,1,639,10,88,0,38,6,0,,-103.73712141725571,Mariana
195,195,1,0,2000,1,360,10,55,0,38,6,0,,1223.9487706784125,Mariana
1073,1073,0,0,540,0,552,4,119,0,38,48,119,,-8.955722712281068,Mariana
564,564,0,0,300,0,650,12,88,0,38,36,0,,-261.2085791081978,Mariana
1244,1244,1,0,650,1,480,10,67,0,38,6,0,,126.8727384239818,Mariana
1294,1294,2,0,429,0,350,6,77,0,38,48,0,,58.958507855850364,Mariana
999,999,0,0,600,0,450,10,54,1,38,60,100,,111.94653390351336,Mariana
1267,1267,0,0,518,1,480,6,102,0,38,6,0,,28.359788588890048,Mariana
864,864,0,0,500,1,350,10,54,0,38,6,0,,111.94653390351336,Mariana
1356,1356,1,0,469,1,404,12,56,1,38,0,0,,48.510164691522455,Mariana
1148,1148,0,0,400,1,747,10,62,0,38,6,300,,-258.96964843012756,Mariana
1096,1096,1,0,650,1,868,5,84,0,38,6,522,,-162.69562927310608,Mariana
1254,1254,3,0,300,0,407,9,58,0,38,60,50,,-79.85519418450619,Mariana
1343,1343,0,0,530,0,693,10,105,0,38,0,0,,-121.64856684181784,Mariana
1103,1103,1,0,4000,0,583,3,160,1,38,24,160,,2550.1420423220343,Mariana
760,760,0,0,1051,0,829,12,102,0,38,48,0,,165.68087017719975,Mariana
1390,1390,0,2,389,0,362,10,55,0,38,36,0,,20.150376102632404,Mariana
1041,1041,0,0,640,1,370,3,138,0,38,132,0,,201.50376102632404,Mariana
1258,1258,1,0,1200,0,466,10,74,1,38,12,0,,547.791705901192,Mariana
1476,1476,0,1,305,1,349,10,53,0,38,6,0,,-32.837649945030584,Mariana
56,56,0,0,600,1,492,6,84,0,38,6,100,,80.60150441052961,Mariana
799,799,1,0,1500,0,409,6,85,0,38,48,0,,814.2244565915538,Mariana
1316,1316,0,2,1200,1,686,9,111,0,38,6,0,,383.60345617603906,Mariana
748,748,0,0,421,0,416,10,63,0,39,0,0,,3.731551130117112,Mariana
362,362,0,0,492,1,480,10,67,0,39,6,0,,8.955722712281068,Mariana
771,771,0,0,500,0,804,12,109,0,39,36,0,,-226.87830871112038,Mariana
800,800,0,0,1981,1,639,10,88,0,39,6,0,,1001.5483233234328,Mariana
868,868,1,0,2000,0,338,2,115,0,39,48,115,,1240.367595650928,Mariana
769,769,1,0,450,1,418,10,61,0,39,6,0,,23.881927232749515,Mariana
1399,1399,1,0,352,0,541,12,74,0,39,72,0,,-141.05263271842682,Mariana
921,921,0,3,1800,1,690,12,93,0,39,6,0,,828.4043508859988,Mariana
759,759,0,0,300,1,359,9,59,0,39,6,0,,-44.03230333538192,Mariana
761,761,0,0,400,0,560,11,82,0,39,24,0,,-119.40963616374758,Mariana
1454,1454,0,0,4000,0,368,3,101,0,39,48,101,,2710.59874091707,Mariana
1393,1393,0,0,1300,0,421,12,57,0,39,0,0,,656.0066886745882,Mariana
1461,1461,1,0,380,0,549,12,75,1,39,0,0,,-126.12642819795838,Mariana
1409,1409,0,1,1336,1,744,10,113,0,39,6,0,,441.815653805866,Mariana
765,765,0,0,1000,1,849,10,117,0,39,6,0,,112.69284412953678,Mariana
758,758,0,0,404,1,474,12,64,0,39,6,0,,-52.241715821639566,Mariana
854,854,0,0,1000,0,712,4,77,0,39,96,450,,214.93734509474564,Mariana
787,787,1,0,800,0,605,3,224,0,39,48,0,,145.53049407456734,Mariana
117,117,0,0,1000,1,678,10,93,0,39,6,0,,240.311892779542,Mariana
157,157,1,0,1000,1,370,6,79,0,39,6,0,,470.1754423947561,Mariana
566,566,0,0,370,0,558,12,76,0,39,0,0,,-140.3063224924034,Mariana
274,274,0,0,735,1,519,12,70,0,39,6,0,,161.20300882105923,Mariana
1265,1265,2,0,2690,0,1093,12,148,0,39,6,0,,1191.8574309594055,Mariana
630,630,0,0,400,1,398,10,58,0,39,6,0,,1.4926204520468447,Mariana
1166,1166,0,0,330,1,348,10,51,0,39,6,0,,-13.433584068421602,Mariana
377,377,0,0,900,1,464,10,71,0,39,6,0,,325.39125854621216,Mariana
145,145,0,0,800,1,597,9,97,0,39,6,0,,151.50097588275474,Mariana
707,707,1,0,390,0,525,15,58,1,39,36,60,,-100.75188051316202,Mariana
35,35,0,2,868,1,567,10,78,0,39,6,0,,224.63937803305012,Mariana
1049,1049,1,0,877,0,771,5,103,0,39,48,257,,79.10888395848276,Mariana
1035,1035,0,0,500,1,479,6,55,0,39,6,200,,15.672514746491869,Mariana
507,507,1,0,500,1,300,6,64,0,39,6,0,,149.26204520468445,Mariana
105,105,0,0,1700,1,314,2,107,0,39,108,107,,1034.3859732684634,Mariana
812,812,0,0,420,1,554,9,90,0,39,6,0,,-100.0055702871386,Mariana
287,287,1,0,2000,1,495,2,175,0,40,6,175,,1123.1968901652506,Mariana
726,726,0,0,900,0,558,10,86,1,40,72,0,,255.23809730001045,Mariana
1367,1367,1,0,819,1,1085,24,104,0,40,6,0,,-198.51852012223034,Mariana
424,424,0,0,800,1,418,10,61,0,40,6,0,,285.09050634094734,Mariana
84,84,0,0,373,1,680,12,92,0,40,120,0,,-229.11723938919067,Mariana
1255,1255,0,2,584,1,849,10,117,0,40,6,0,,-197.77220989620693,Mariana
335,335,1,0,300,0,558,12,76,1,40,48,0,,-192.54803831404297,Mariana
1297,1297,0,0,3399,1,468,3,175,0,40,6,0,,2187.435272474651,Mariana
135,135,1,0,300,1,349,10,51,0,40,6,0,,-36.569201075147696,Mariana
11,11,1,0,411,1,390,12,55,1,40,0,0,,15.672514746491869,Mariana
269,269,0,0,322,1,469,10,72,1,40,0,0,,-109.70760322544308,Mariana
803,803,1,0,819,1,558,24,54,0,40,6,0,,194.78696899211323,Mariana
786,786,1,0,649,1,311,2,69,1,40,0,190,,252.25285639591675,Mariana
1364,1364,0,0,3596,1,1045,6,221,0,40,6,0,,1903.8373865857504,Mariana
247,247,0,0,600,1,780,12,78,0,40,6,200,,-134.335840684216,Mariana
1199,1199,0,0,830,1,902,5,216,0,40,6,0,,-53.73433627368641,Mariana
188,188,1,0,800,1,480,6,81,0,40,6,100,,238.81927232749516,Mariana
768,768,0,0,513,1,537,10,78,0,40,6,0,,-17.911445424562135,Mariana
307,307,0,0,953,0,698,6,145,0,40,48,0,,190.3091076359727,Mariana
519,519,0,0,446,1,348,10,51,0,40,6,0,,73.13840215029539,Mariana
1032,1032,0,0,600,1,346,10,51,0,40,6,0,,189.56279740994927,Mariana
513,513,0,1,1650,1,628,12,71,0,40,6,100,,762.7290509959377,Mariana
1458,1458,1,0,2017,1,639,10,88,0,40,6,0,,1028.415491460276,Mariana
537,537,0,0,500,1,350,3,132,0,40,6,0,,111.94653390351336,Mariana
1179,1179,0,0,2500,0,685,6,144,0,40,48,0,,1354.5530602325116,Mariana
629,629,0,0,4000,1,991,10,129,0,40,6,0,,2245.6474701044776,Mariana
1439,1439,1,0,1009,1,332,4,98,0,40,6,0,,505.2520230178569,Mariana
1123,1123,0,0,1400,1,514,2,173,0,40,119,173,,661.2308602567522,Mariana
1110,1110,1,0,397,0,403,10,61,1,40,0,0,,-4.477861356140534,Mariana
662,662,0,0,300,1,578,10,76,0,40,6,0,,-207.47424283451141,Mariana
466,466,3,0,1004,1,879,10,134,0,40,0,0,,93.2887782529278,Mariana
914,914,1,0,800,0,446,5,90,0,40,48,0,,264.1938200122915,Mariana
887,887,1,0,800,0,363,10,55,1,40,36,0,,326.13756877223557,Mariana
572,572,0,0,300,1,368,6,62,0,40,6,80,,-50.749095369592716,Mariana
1077,1077,1,0,1073,1,340,10,52,0,40,6,0,,547.0453956751686,Mariana
1444,1444,0,0,500,1,330,10,50,0,40,6,0,,126.8727384239818,Mariana
955,955,0,0,550,1,430,9,59,0,40,6,0,,89.55722712281069,Mariana
1039,1039,1,0,3000,0,329,3,122,0,40,48,0,,1993.394613708561,Mariana
730,730,0,0,2581,0,308,2,168,0,40,48,0,,1696.363143751239,Mariana
683,683,0,0,500,1,621,9,84,0,40,6,0,,-90.3035373488341,Mariana
68,68,0,0,610,1,639,10,88,0,40,6,0,,-21.642996554679247,Mariana
501,501,0,0,500,1,345,10,53,0,40,6,0,,115.67808503363047,Mariana
346,346,0,0,758,1,379,12,52,0,41,6,0,,282.85157566287705,Mariana
1226,1226,1,0,1013,1,323,6,69,0,41,6,0,,514.9540559561614,Mariana
44,44,3,0,533,0,329,6,68,0,41,48,0,,152.24728610877816,Mariana
358,358,3,0,400,1,479,15,59,1,41,180,0,,-58.958507855850364,Mariana
432,432,0,0,1200,1,535,10,81,0,41,6,0,,496.29630030557587,Mariana
196,196,0,0,755,1,1190,12,160,0,41,6,0,,-324.64494832018875,Mariana
1130,1130,0,0,1107,0,689,6,98,0,41,0,150,,311.95767447779053,Mariana
216,216,1,0,360,1,384,12,52,1,41,0,0,,-17.911445424562135,Mariana
1060,1060,0,0,519,1,431,9,70,1,41,156,0,,65.67529989006117,Mariana
444,444,0,0,1334,1,503,10,76,0,41,6,0,,620.183797825464,Mariana
476,476,0,0,411,0,419,11,58,0,41,48,0,,-5.970481808187379,Mariana
763,763,0,0,300,1,311,6,67,0,41,6,0,,-8.209412486257646,Mariana
322,322,0,3,3000,1,1944,10,266,0,41,6,0,,788.103598680734,Mariana
493,493,0,1,1500,1,460,3,154,0,41,6,50,,776.1626350643593,Mariana
1027,1027,0,0,1107,0,689,6,120,0,41,0,150,,311.95767447779053,Mariana
226,226,0,0,1866,1,613,12,83,1,41,12,0,,935.1267132073482,Mariana
734,734,0,0,540,1,650,10,94,0,41,6,0,,-82.09412486257646,Mariana
781,781,1,0,800,1,618,10,89,0,41,6,0,,135.82846113626286,Mariana
754,754,0,0,400,1,789,24,76,0,41,6,0,,-290.3146779231113,Mariana
633,633,1,0,555,0,522,10,79,0,41,6,0,,24.628237458772936,Mariana
675,675,3,0,480,0,502,12,68,0,41,120,0,,-16.418824972515292,Mariana
423,423,1,0,566,0,556,12,76,0,41,120,0,,7.463102260234224,Mariana
481,481,0,0,420,0,849,18,97,1,41,180,0,,-320.16708696404817,Mariana
417,417,0,0,411,1,459,10,64,0,41,6,0,,-35.82289084912427,Mariana
217,217,1,0,2057,1,989,5,212,0,41,6,100,,797.059321393015,Mariana
204,204,0,0,340,0,369,12,52,0,41,0,0,,-21.642996554679247,Mariana
1153,1153,0,0,404,0,480,10,67,0,41,6,0,,-56.719577177780096,Mariana
1456,1456,0,0,1200,1,355,10,54,0,41,6,0,,630.6321409897919,Mariana
1389,1389,1,1,800,1,735,6,155,0,41,6,0,,48.510164691522455,Mariana
1494,1494,0,0,1100,1,412,6,67,0,41,6,100,,513.4614355041145,Mariana
1296,1296,0,0,400,1,445,12,61,0,41,84,0,,-33.583960171054,Mariana
1008,1008,0,0,1639,1,315,3,81,1,41,60,100,,988.1147392550112,Mariana
241,241,0,0,600,1,657,6,140,0,41,6,0,,-42.539682883335075,Mariana
1305,1305,1,0,368,0,330,10,51,0,41,0,0,,28.359788588890048,Mariana
912,912,0,0,463,0,436,10,67,0,41,72,0,,20.150376102632404,Mariana
285,285,1,0,624,1,451,12,61,0,41,6,0,,129.11166910205208,Mariana
1340,1340,0,0,840,0,954,6,215,0,41,0,0,,-85.07936576667015,Mariana
123,123,0,2,400,1,429,10,60,0,41,6,0,,-21.642996554679247,Mariana
5,5,0,0,300,0,331,6,74,1,41,0,0,,-23.135617006726093,Mariana
270,270,1,0,1600,0,435,10,66,1,41,0,0,,869.451413317287,Mariana
947,947,1,0,301,1,490,12,66,0,41,6,0,,-141.05263271842682,Mariana
180,180,0,2,1000,1,635,4,171,0,41,6,50,,272.40323249854913,Mariana
382,382,1,0,324,1,780,5,92,0,41,6,400,,-340.3174630666806,Mariana
1028,1028,1,0,800,1,407,5,100,1,41,0,0,,293.299918827205,Mariana
1181,1181,1,0,380,0,492,12,68,0,41,12,0,,-83.5867453146233,Mariana
371,371,0,0,980,1,661,12,89,0,41,6,0,,238.07296210147172,Mariana
1426,1426,1,1,2000,1,1059,10,145,0,41,6,0,,702.2779226880405,Mariana
163,163,0,0,1200,1,339,6,73,0,41,6,0,,642.5731046061667,Mariana
404,404,1,0,360,0,399,10,61,1,41,0,0,,-29.106098814913473,Mariana
682,682,0,1,1200,1,1149,10,158,0,42,6,0,,38.06182152719454,Mariana
976,976,1,0,850,0,446,6,99,0,42,96,0,,301.5093313134626,Mariana
1323,1323,0,0,350,0,548,10,83,0,42,48,0,,-147.76942475263763,Mariana
1335,1335,0,0,350,1,452,10,66,0,42,6,0,,-76.12364305438908,Mariana
74,74,0,0,400,1,618,10,89,0,42,6,0,,-162.69562927310608,Mariana
242,242,1,0,900,1,475,10,69,0,42,6,0,,317.18184605995447,Mariana
1450,1450,0,0,1200,0,305,6,57,0,42,0,56,,667.947652290963,Mariana
464,464,0,0,4000,0,336,9,51,0,42,48,0,,2734.4806681498194,Mariana
555,555,0,0,1540,1,571,10,86,0,42,6,0,,723.1746090166962,Mariana
82,82,1,2,350,1,357,4,76,0,42,6,100,,-5.224171582163956,Mariana
826,826,0,0,750,1,446,3,167,0,42,6,0,,226.87830871112038,Mariana
265,265,1,0,792,0,1092,6,183,0,42,48,0,,-223.8930678070267,Mariana
1051,1051,0,0,470,1,357,4,105,0,42,24,0,,84.33305554064673,Mariana
1377,1377,1,0,1000,1,411,5,101,0,42,6,0,,439.57672312779573,Mariana
1436,1436,1,0,1545,1,516,10,78,0,42,6,0,,767.9532225781016,Mariana
602,602,0,0,400,1,338,6,73,0,42,6,0,,46.27123401345219,Mariana
847,847,1,0,1000,0,385,6,87,1,42,0,0,,458.98078900440476,Mariana
174,174,0,0,450,1,799,10,121,0,42,6,0,,-260.4622688821744,Mariana
1268,1268,0,0,450,1,318,5,77,0,42,6,0,,98.51294983509175,Mariana
72,72,0,1,450,1,466,10,68,0,42,6,0,,-11.940963616374757,Mariana
618,618,1,0,450,1,387,10,54,0,42,6,0,,47.017544239475605,Mariana
408,408,0,0,533,1,515,10,78,0,42,6,0,,13.433584068421602,Mariana
1127,1127,0,0,1118,1,397,2,217,0,42,6,0,,538.0896729628876,Mariana
688,688,0,0,604,0,549,12,75,0,42,120,0,,41.04706243128823,Mariana
1142,1142,0,0,2190,1,399,6,91,1,42,96,0,,1336.6416148079495,Mariana
500,500,0,0,3000,1,704,7,137,1,42,60,0,,1713.5282789497776,Mariana
134,134,1,0,481,1,340,10,52,0,42,6,0,,105.22974186930254,Mariana
1165,1165,1,0,1000,1,537,10,78,0,43,6,0,,345.54163464884454,Mariana
981,981,1,1,800,1,365,10,56,0,43,6,0,,324.64494832018875,Mariana
953,953,0,0,2500,1,618,10,89,0,43,6,0,,1404.555845376081,Mariana
526,526,0,0,300,1,480,10,67,0,43,6,0,,-134.335840684216,Mariana
1002,1002,1,0,1200,0,366,6,62,0,43,48,0,,622.4227285035342,Mariana
472,472,1,0,3000,0,360,1,376,0,43,48,0,,1970.258996701835,Mariana
610,610,0,0,800,1,399,10,55,0,43,6,0,,299.2704006353924,Mariana
1420,1420,1,0,500,1,480,10,57,0,43,6,70,,14.926204520468447,Mariana
1068,1068,0,0,1100,1,378,4,111,0,43,6,0,,538.835983188911,Mariana
1009,1009,0,0,1320,1,569,5,112,1,43,0,112,,560.4789797435902,Mariana
151,151,0,0,1500,1,399,10,55,0,43,6,0,,821.687558851788,Mariana
104,104,0,0,1200,0,602,4,137,0,43,0,137,,446.29351516200654,Mariana
1418,1418,1,0,600,0,569,12,70,0,43,48,0,,23.135617006726093,Mariana
332,332,0,0,400,1,639,10,61,0,43,6,200,,-178.36814401959793,Mariana
1372,1372,0,2,500,1,673,10,97,0,43,6,0,,-129.11166910205208,Mariana
273,273,0,0,400,1,380,6,87,0,43,6,0,,14.926204520468447,Mariana
1397,1397,3,0,350,1,476,12,58,0,43,0,50,,-94.03508847895121,Mariana
224,224,1,0,368,0,704,9,79,0,43,48,0,,-250.7602359438699,Mariana
1159,1159,0,0,767,1,647,4,191,1,43,216,0,,89.55722712281069,Mariana
933,933,1,0,1674,1,558,10,84,0,43,6,0,,832.8822122421393,Mariana
191,191,0,0,500,0,483,10,58,1,43,8,100,,12.687273842398179,Mariana
1052,1052,0,0,774,1,305,6,68,1,43,72,0,,350.01949600498506,Mariana
462,462,0,0,3500,1,470,5,92,1,43,24,92,,2261.31998485097,Mariana
1097,1097,3,0,500,0,428,15,54,0,43,4,0,,53.73433627368641,Mariana
653,653,0,0,1300,1,489,10,74,0,43,6,0,,605.2575933049956,Mariana
744,744,0,0,700,0,620,6,138,0,43,120,0,,59.70481808187379,Mariana
970,970,1,0,600,1,429,12,58,0,43,6,0,,127.61904865000523,Mariana
1170,1170,1,0,2000,0,486,3,177,0,43,48,0,,1129.9136821994614,Mariana
762,762,1,0,800,1,929,6,197,0,43,6,0,,-96.27401915702148,Mariana
764,764,0,0,500,1,480,10,67,0,43,6,0,,14.926204520468447,Mariana
449,449,1,0,1674,1,480,10,67,0,43,6,0,,891.0944098719663,Mariana
1395,1395,0,0,350,1,505,10,70,0,44,6,0,,-115.67808503363047,Mariana
29,29,0,0,600,1,587,10,89,0,44,60,0,,9.702032938304491,Mariana
1431,1431,1,0,540,0,562,15,70,0,44,240,0,,-16.418824972515292,Mariana
751,751,0,0,500,1,429,10,60,0,44,6,0,,52.988026047662984,Mariana
971,971,0,0,300,0,495,10,75,0,44,300,0,,-145.53049407456734,Mariana
822,822,1,0,513,1,480,12,66,1,44,60,0,,24.628237458772936,Mariana
374,374,1,0,1500,1,525,12,71,0,44,6,0,,727.6524703728368,Mariana
1118,1118,1,0,1195,1,1554,12,211,0,44,6,0,,-267.9253711424086,Mariana
446,446,0,0,1400,1,420,10,58,0,44,6,0,,731.3840215029539,Mariana
1451,1451,0,2,400,0,464,8,82,0,44,9,0,,-47.76385446549903,Mariana
421,421,0,0,500,0,574,6,95,0,44,360,150,,-55.22695672573325,Mariana
1396,1396,0,0,488,1,403,9,66,0,44,6,0,,63.4363692119909,Mariana
75,75,1,0,1195,1,630,12,86,0,44,6,0,,421.66527770323364,Mariana
94,94,1,0,900,0,370,6,61,1,44,17,100,,395.54441979241386,Mariana
24,24,0,0,332,1,593,4,100,0,44,215,198,,-194.78696899211323,Mariana
309,309,0,4,500,0,343,10,52,0,44,336,0,,117.1707054856773,Mariana
484,484,0,0,599,1,459,10,64,0,44,6,0,,104.48343164327913,Mariana
1272,1272,0,0,800,1,529,6,113,0,44,6,0,,202.25007125234745,Mariana
492,492,0,1,400,1,443,10,67,0,44,6,0,,-32.09133971900716,Mariana
1019,1019,0,0,454,1,454,7,89,1,44,108,0,,0.0,Mariana
1053,1053,1,0,1052,0,417,3,155,0,44,48,0,,473.9069935248732,Mariana
438,438,2,0,490,0,429,10,66,0,44,10,0,,45.52492378742876,Mariana
459,459,0,1,600,1,347,6,74,0,44,6,0,,188.81648718392586,Mariana
845,845,0,0,1500,1,495,2,175,0,44,6,175,,750.0417771535394,Mariana
1322,1322,1,0,390,0,561,11,78,0,44,48,0,,-127.61904865000523,Mariana
16,16,0,2,500,1,347,4,101,0,44,6,0,,114.18546458158362,Mariana
290,290,0,0,1100,1,636,10,97,1,44,180,0,,346.28794487486795,Mariana
294,294,1,0,1238,1,806,18,87,0,44,6,0,,322.40601764211846,Mariana
299,299,0,0,320,0,480,12,65,1,44,0,0,,-119.40963616374758,Mariana
148,148,0,1,541,1,577,10,87,0,44,6,0,,-26.867168136843205,Mariana
750,750,1,0,450,1,832,12,112,0,45,6,0,,-285.09050634094734,Mariana
915,915,0,0,600,0,505,10,77,0,45,240,0,,70.89947147222512,Mariana
1306,1306,0,0,400,0,478,10,74,0,45,0,0,,-58.212197629826946,Mariana
108,108,1,0,500,0,450,4,114,0,45,48,0,,37.315511301171114,Mariana
1126,1126,0,0,4842,1,567,10,78,0,45,6,0,,3190.4762162501306,Mariana
45,45,1,0,800,1,345,10,53,0,45,6,0,,339.5711528406572,Mariana
1447,1447,1,0,1500,1,468,10,68,0,45,6,0,,770.1921532561719,Mariana
891,891,1,0,1800,1,735,12,99,0,45,6,0,,794.8203907149448,Mariana
1338,1338,0,4,350,1,573,12,77,0,45,6,0,,-166.4271804032232,Mariana
851,851,1,0,314,0,443,12,60,1,45,12,0,,-96.27401915702148,Mariana
954,954,0,0,972,0,559,3,152,0,45,0,152,,308.2261233476734,Mariana
899,899,0,0,2000,1,615,6,131,0,45,6,0,,1033.63966304244,Mariana
32,32,0,0,1300,1,349,10,51,0,45,6,0,,709.7410249482747,Mariana
288,288,1,0,600,0,409,10,63,1,45,240,0,,142.54525317047367,Mariana
862,862,2,0,721,0,666,10,101,0,45,144,0,,41.04706243128823,Mariana
1468,1468,0,2,300,1,399,6,85,0,45,6,0,,-73.88471237631882,Mariana
219,219,1,0,1200,0,598,9,99,0,45,0,0,,449.27875606610024,Mariana
1223,1223,0,0,700,1,770,12,104,0,45,6,0,,-52.241715821639566,Mariana
249,249,0,4,350,1,498,12,67,0,45,6,0,,-110.4539134514665,Mariana
1312,1312,0,0,800,1,469,12,63,0,45,6,0,,247.0286848137528,Mariana
690,690,0,0,800,1,560,6,119,0,45,6,0,,179.11445424562137,Mariana
1311,1311,1,0,1000,0,471,3,176,1,45,240,0,,394.7981095663904,Mariana
612,612,0,3,600,1,446,12,60,0,45,6,0,,114.93177480760704,Mariana
805,805,0,0,800,1,747,10,103,0,45,6,0,,39.55444197924138,Mariana
910,910,1,0,330,0,496,12,68,0,45,72,0,,-123.88749751988811,Mariana
1210,1210,0,0,908,1,539,12,73,0,45,72,0,,275.38847340264283,Mariana
569,569,1,0,1368,0,330,6,75,0,46,0,0,,774.6700146123123,Mariana
1264,1264,1,0,500,0,399,6,89,0,46,120,0,,75.37733282836565,Mariana
561,561,1,0,2220,1,321,6,69,0,46,6,0,,1417.243119218479,Mariana
1243,1243,1,0,679,1,386,10,59,0,46,6,0,,218.66889622486275,Mariana
20,20,0,0,554,1,429,10,60,0,46,6,0,,93.2887782529278,Mariana
902,902,1,0,360,1,537,10,78,0,46,6,0,,-132.09691000614575,Mariana
297,297,0,0,300,1,455,10,69,0,46,6,0,,-115.67808503363047,Mariana
1241,1241,0,0,480,1,309,6,70,0,46,156,0,,127.61904865000523,Mariana
656,656,0,0,486,1,475,5,106,1,46,24,40,,8.209412486257646,Mariana
121,121,0,0,300,1,459,10,70,0,46,6,0,,-118.66332593772415,Mariana
867,867,1,0,1699,0,1187,10,180,0,46,144,0,,382.11083572399224,Mariana
364,364,0,0,2200,0,2498,6,525,0,46,0,0,,-222.40044735497986,Mariana
616,616,1,0,750,1,525,10,76,0,46,6,0,,167.91980085527004,Mariana
1467,1467,0,0,370,1,399,12,54,0,46,6,0,,-21.642996554679247,Mariana
491,491,1,0,350,1,459,10,70,0,46,6,0,,-81.34781463655304,Mariana
819,819,0,0,400,1,692,10,95,0,46,6,0,,-217.9225859988393,Mariana
1018,1018,0,0,873,1,385,6,82,0,46,6,0,,364.1993902994301,Mariana
1355,1355,0,0,1600,0,716,10,109,1,46,36,0,,659.7382398047054,Mariana
263,263,0,0,900,1,495,24,53,1,46,0,0,,302.255641539486,Mariana
624,624,0,0,410,0,348,10,54,0,46,0,0,,46.27123401345219,Mariana
110,110,2,0,1700,0,489,11,68,0,46,48,0,,903.7816837143645,Mariana
575,575,0,0,450,1,399,10,55,0,46,6,0,,38.06182152719454,Mariana
1104,1104,0,0,360,1,435,10,66,0,46,6,0,,-55.97326695175668,Mariana
1460,1460,2,0,380,0,598,12,81,1,46,240,0,,-162.69562927310608,Mariana
251,251,0,0,360,1,429,10,60,0,46,6,0,,-51.49540559561614,Mariana
264,264,1,0,573,1,495,9,60,0,46,6,60,,58.212197629826946,Mariana
1011,1011,0,1,600,1,480,10,67,0,46,6,0,,89.55722712281069,Mariana
1246,1246,0,0,500,0,305,6,51,0,47,0,0,,145.53049407456734,Mariana
549,549,0,4,360,0,620,10,94,0,47,36,0,,-194.04065876608982,Mariana
946,946,1,0,1190,0,420,6,99,1,47,120,0,,574.6588740380352,Mariana
243,243,1,0,700,0,849,6,143,0,47,48,150,,-111.20022367748993,Mariana
205,205,0,0,709,1,429,10,60,0,47,6,0,,208.96686328655827,Mariana
1423,1423,0,0,816,0,529,6,111,0,47,48,0,,214.1910348687222,Mariana
1206,1206,0,1,1000,1,505,10,70,0,47,6,0,,369.4235618815941,Mariana
126,126,0,0,2010,1,360,2,122,1,47,100,122,,1231.4118729386469,Mariana
1310,1310,0,0,950,0,737,15,95,1,47,120,0,,158.96407814298897,Mariana
80,80,0,0,500,1,429,9,70,0,47,6,0,,52.988026047662984,Mariana
70,70,0,0,395,0,523,15,65,0,47,96,0,,-95.52770893099806,Mariana
1091,1091,3,0,566,0,703,12,96,0,47,144,0,,-102.24450096520886,Mariana
1345,1345,1,0,950,1,1290,18,143,0,47,6,0,,-253.7454768479636,Mariana
1040,1040,1,0,689,0,779,12,96,0,47,48,0,,-67.167920342108,Mariana
1492,1492,1,0,478,0,404,4,121,1,47,180,0,,55.22695672573325,Mariana
648,648,0,0,1800,1,361,6,77,0,47,6,0,,1073.9404152477048,Mariana
1261,1261,1,0,361,1,480,10,67,0,47,6,0,,-88.81091689678726,Mariana
1446,1446,1,0,540,0,730,5,122,0,47,48,125,,-141.79894294445023,Mariana
1253,1253,1,0,2500,0,346,3,129,0,48,48,0,,1607.5522268544516,Mariana
782,782,1,2,700,1,439,10,67,0,48,6,0,,194.78696899211323,Mariana
7,7,0,0,300,0,416,10,64,0,48,108,0,,-86.57198621871699,Mariana
88,88,0,0,300,0,500,12,68,0,48,0,0,,-149.26204520468445,Mariana
77,77,3,0,409,0,705,15,87,1,48,360,0,,-220.907826902933,Mariana
448,448,0,0,631,1,469,5,76,0,48,6,157,,120.90225661579441,Mariana
1230,1230,0,0,550,0,999,12,123,0,48,48,0,,-335.0932914845166,Mariana
743,743,0,0,592,1,322,6,73,1,48,252,0,,201.50376102632404,Mariana
739,739,1,0,880,1,849,10,117,0,48,6,0,,23.135617006726093,Mariana
13,13,0,0,1850,0,1137,9,185,0,48,0,0,,532.1191911547002,Mariana
445,445,0,3,1500,1,560,12,76,0,48,6,0,,701.531612462017,Mariana
1207,1207,0,2,300,1,339,10,51,0,48,6,0,,-29.106098814913473,Mariana
1313,1313,0,0,1800,0,1190,12,162,1,48,120,0,,455.24923787428764,Mariana
415,415,1,0,1529,1,630,6,133,0,48,6,0,,670.9328931950566,Mariana
379,379,1,0,1529,1,941,6,199,0,48,6,0,,438.8304129017723,Mariana
282,282,0,0,300,0,455,12,63,1,48,120,0,,-115.67808503363047,Mariana
328,328,0,0,650,0,464,6,103,0,48,0,0,,138.81370204035656,Mariana
591,591,1,0,800,1,480,10,67,0,48,6,0,,238.81927232749516,Mariana
1065,1065,0,0,497,1,325,9,56,0,48,6,0,,128.36535887602864,Mariana
400,400,1,0,390,0,569,12,77,1,48,240,0,,-133.5895304581926,Mariana
136,136,0,0,860,0,965,15,117,0,48,6,0,,-78.36257373245934,Mariana
207,207,1,0,800,1,459,10,70,0,48,6,0,,254.491787073987,Mariana
1365,1365,0,0,1000,1,840,4,159,1,49,216,300,,119.40963616374758,Mariana
1090,1090,1,0,850,0,514,12,70,1,49,0,0,,250.7602359438699,Mariana
160,160,3,0,713,1,576,3,157,1,49,288,157,,102.24450096520886,Mariana
1125,1125,1,0,1500,0,475,10,72,1,49,60,0,,764.9679816740079,Mariana
897,897,0,0,350,1,368,10,56,0,49,6,0,,-13.433584068421602,Mariana
832,832,1,0,2000,0,309,3,115,0,49,48,0,,1262.0105922056073,Mariana
171,171,0,3,420,1,537,10,78,0,49,6,0,,-87.31829644474041,Mariana
337,337,0,0,3200,1,380,4,111,0,49,6,0,,2104.594837386051,Mariana
874,874,1,0,4000,0,446,3,166,0,49,48,0,,2652.386543287243,Mariana
791,791,0,0,300,0,479,12,65,0,49,6,0,,-133.5895304581926,Mariana
654,654,0,1,400,1,420,10,58,0,49,6,0,,-14.926204520468447,Mariana
201,201,3,0,400,0,559,12,79,0,49,300,0,,-118.66332593772415,Mariana
286,286,0,1,896,0,478,15,59,0,49,144,0,,311.95767447779053,Mariana
354,354,0,0,1000,1,599,12,81,0,49,6,0,,299.2704006353924,Mariana
1348,1348,0,0,992,1,399,12,54,0,49,6,0,,442.56196403188943,Mariana
27,27,0,2,632,1,365,6,78,0,49,6,0,,199.26483034825375,Mariana
1080,1080,0,0,663,1,429,10,60,0,49,6,0,,174.63659288948082,Mariana
192,192,2,0,1533,0,397,7,78,1,49,180,0,,847.8084167626077,Mariana
43,43,2,0,600,1,544,3,149,1,49,12,149,,41.79337265731165,Mariana
1295,1295,0,0,1063,0,755,5,186,0,49,240,0,,229.86354961521408,Mariana
715,715,0,0,500,1,562,10,85,0,49,6,0,,-46.27123401345219,Mariana
705,705,3,0,499,0,336,6,77,1,49,180,0,,121.64856684181784,Mariana
1415,1415,0,0,946,0,529,6,111,0,50,48,0,,311.2113642517671,Mariana
86,86,0,0,580,1,349,10,51,0,50,6,0,,172.39766221141056,Mariana
1403,1403,1,0,381,0,459,12,57,0,50,48,0,,-58.212197629826946,Mariana
1270,1270,1,0,1000,0,489,3,182,0,50,48,0,,381.3645254979688,Mariana
576,576,1,0,800,0,317,3,118,0,50,48,0,,360.467839169313,Mariana
605,605,0,0,380,1,679,15,80,0,50,6,0,,-223.14675758100327,Mariana
1402,1402,1,0,800,1,349,10,51,0,50,6,0,,336.5859119365635,Mariana
712,712,1,0,1500,0,1617,12,135,0,50,48,0,,-87.31829644474041,Mariana
620,620,0,0,1200,0,598,5,148,1,50,0,0,,449.27875606610024,Mariana
530,530,0,0,455,0,901,15,111,1,50,36,0,,-332.8543608064464,Mariana
952,952,0,0,838,1,519,10,79,0,50,6,0,,238.07296210147172,Mariana
73,73,0,0,400,1,459,12,62,0,50,6,0,,-44.03230333538192,Mariana
646,646,1,0,536,0,430,3,160,0,50,48,0,,79.10888395848276,Mariana
182,182,0,0,350,0,480,12,66,0,50,84,0,,-97.02032938304491,Mariana
489,489,1,6,500,1,378,10,53,0,50,6,0,,91.04984757485752,Mariana
30,30,0,0,800,1,495,15,59,0,50,6,0,,227.62461893714382,Mariana
1257,1257,0,0,1105,1,618,10,89,0,50,6,0,,363.4530800734067,Mariana
389,389,0,0,5000,1,730,9,86,0,50,6,200,,3186.7446651200135,Mariana
1092,1092,1,0,480,0,576,12,78,1,50,24,0,,-71.64578169824854,Mariana
1488,1488,0,0,400,1,480,6,102,0,50,6,0,,-59.70481808187379,Mariana
1347,1347,3,0,330,1,445,10,68,1,51,0,0,,-85.82567599269358,Mariana
490,490,1,0,900,0,834,6,140,0,51,48,0,,49.25647491754587,Mariana
900,900,0,0,350,0,925,24,89,0,51,6,0,,-429.12837996346786,Mariana
1386,1386,0,0,600,1,348,10,51,0,51,6,0,,188.07017695790242,Mariana
863,863,1,0,564,1,451,10,69,0,51,6,0,,84.33305554064673,Mariana
365,365,0,0,800,1,359,6,77,0,51,6,0,,329.12280967632927,Mariana
982,982,0,0,450,1,610,9,99,0,51,6,0,,-119.40963616374758,Mariana
988,988,1,0,355,1,475,9,78,0,51,6,0,,-89.55722712281069,Mariana
535,535,1,0,600,1,490,10,74,0,51,6,0,,82.09412486257646,Mariana
913,913,0,0,1200,1,690,10,104,0,51,6,0,,380.6182152719454,Mariana
1037,1037,1,0,830,1,546,10,83,0,51,6,0,,211.95210419065194,Mariana
49,49,0,0,400,1,347,10,53,0,51,6,0,,39.55444197924138,Mariana
17,17,0,0,800,1,359,6,76,0,51,6,0,,329.12280967632927,Mariana
756,756,0,0,600,1,1065,9,172,0,51,6,0,,-347.0342551008914,Mariana
284,284,2,2,600,0,557,12,76,0,51,8,0,,32.09133971900716,Mariana
402,402,0,0,396,0,556,12,76,0,51,36,0,,-119.40963616374758,Mariana
563,563,0,0,337,1,443,12,60,1,51,0,0,,-79.10888395848276,Mariana
155,155,1,0,550,0,617,8,109,0,52,144,0,,-50.0027851435693,Mariana
26,26,1,0,342,1,453,10,59,0,52,6,0,,-82.84043508859988,Mariana
306,306,0,0,550,1,631,6,134,0,52,6,0,,-60.45112830789721,Mariana
1048,1048,1,0,1500,1,416,1,145,0,52,6,280,,809.0002850093898,Mariana
338,338,0,0,432,0,550,12,75,0,52,96,0,,-88.06460667076384,Mariana
165,165,1,3,631,1,748,6,158,0,52,6,0,,-87.31829644474041,Mariana
773,773,0,0,800,0,440,10,67,1,52,60,0,,268.671681368432,Mariana
1099,1099,0,0,590,1,396,6,88,0,52,264,0,,144.78418384854393,Mariana
1131,1131,1,0,736,1,423,9,69,0,52,6,0,,233.5951007453312,Mariana
343,343,0,0,400,1,520,6,111,0,52,6,0,,-89.55722712281069,Mariana
1034,1034,1,0,480,1,658,12,89,1,52,144,0,,-132.8432202321692,Mariana
183,183,0,0,1200,0,458,10,71,0,52,12,0,,553.7621877093794,Mariana
372,372,1,0,2000,1,400,9,66,0,52,6,0,,1194.0963616374756,Mariana
905,905,3,0,578,0,597,10,91,1,52,0,0,,-14.179894294445024,Mariana
391,391,1,0,2000,1,387,9,63,0,52,6,0,,1203.7983945757803,Mariana
1307,1307,0,2,400,1,400,10,61,0,52,6,0,,0.0,Mariana
1168,1168,2,0,346,1,580,5,68,1,52,24,300,,-174.63659288948082,Mariana
644,644,2,0,595,1,554,10,85,1,52,120,0,,30.598719266960316,Mariana
1149,1149,0,0,1300,0,481,11,60,1,52,60,60,,611.2280751131829,Mariana
1143,1143,1,0,444,1,480,10,53,0,52,6,100,,-26.867168136843205,Mariana
33,33,0,0,387,0,351,8,62,1,52,144,0,,26.867168136843205,Mariana
1287,1287,0,0,1690,0,1974,6,285,0,52,48,600,,-211.95210419065194,Mariana
875,875,0,5,600,1,651,10,98,0,53,6,0,,-38.06182152719454,Mariana
277,277,1,0,601,0,404,6,68,0,53,48,0,,147.0231145266142,Mariana
100,100,0,0,3400,1,1629,18,175,0,53,6,0,,1321.715410287481,Mariana
34,34,0,0,1500,0,500,11,58,0,53,0,58,,746.3102260234224,Mariana
1300,1300,0,1,474,1,355,10,54,0,53,6,0,,88.81091689678726,Mariana
62,62,1,0,592,1,415,5,100,0,53,6,0,,132.09691000614575,Mariana
655,655,0,0,1500,0,959,5,173,1,53,0,250,,403.7538322786715,Mariana
1384,1384,1,0,1000,1,747,10,103,0,53,6,0,,188.81648718392586,Mariana
837,837,0,0,778,0,640,10,97,1,53,360,0,,102.99081119123228,Mariana
604,604,0,0,800,1,480,10,67,0,54,6,0,,238.81927232749516,Mariana
1221,1221,0,0,300,1,629,12,55,1,54,60,230,,-245.53606436170594,Mariana
1198,1198,0,0,967,0,756,6,126,0,54,6,0,,157.47145769094212,Mariana
1059,1059,0,0,1111,1,309,6,66,0,54,6,0,,598.5408012707848,Mariana
1279,1279,0,0,300,1,332,10,51,0,54,6,0,,-23.881927232749515,Mariana
766,766,1,0,700,1,480,10,67,0,54,6,0,,164.18824972515293,Mariana
1482,1482,1,0,502,0,1367,12,115,0,54,48,0,,-645.5583455102603,Mariana
804,804,0,0,450,1,618,10,85,0,54,6,0,,-125.38011797193495,Mariana
901,901,0,0,400,0,333,4,98,0,54,96,0,,50.0027851435693,Mariana
436,436,0,0,5000,1,365,3,133,0,54,48,0,,3459.1478976185626,Mariana
257,257,2,0,420,0,423,12,58,0,54,0,0,,-2.238930678070267,Mariana
366,366,0,0,300,1,337,10,51,0,54,12,0,,-27.613478362866626,Mariana
456,456,0,0,493,0,443,12,60,0,54,0,0,,37.315511301171114,Mariana
406,406,1,0,1501,1,1059,10,118,0,54,6,200,,329.8691199023527,Mariana
1078,1078,0,0,460,0,398,6,56,0,54,0,150,,46.27123401345219,Mariana
592,592,1,0,440,0,553,6,105,0,54,120,80,,-84.33305554064673,Mariana
208,208,1,0,5000,0,2579,7,502,1,54,180,0,,1806.8170572027054,Mariana
925,925,1,0,316,0,485,12,67,0,54,0,0,,-126.12642819795838,Mariana
1164,1164,0,0,400,0,351,2,119,0,54,0,119,,36.569201075147696,Mariana
932,932,1,0,1500,1,990,6,210,0,54,6,0,,380.6182152719454,Mariana
22,22,0,0,2500,0,2199,12,270,0,54,48,0,,224.63937803305012,Mariana
1281,1281,0,0,1583,1,1007,9,163,0,54,6,0,,429.8746901894913,Mariana
21,21,3,0,602,0,507,6,108,0,54,48,0,,70.89947147222512,Mariana
551,551,1,0,300,0,442,10,67,0,54,60,0,,-105.97605209532597,Mariana
1470,1470,0,0,520,0,473,6,80,0,54,0,0,,35.07658062310085,Mariana
586,586,0,0,5000,0,1487,2,497,0,55,0,498,,2621.7878240202826,Mariana
608,608,3,0,348,0,559,12,76,1,55,0,0,,-157.47145769094212,Mariana
59,59,0,0,616,0,302,6,67,0,55,0,0,,234.3414109713546,Mariana
245,245,1,0,4000,1,639,10,88,0,55,6,0,,2508.3486696647224,Mariana
485,485,3,0,741,0,491,3,134,0,55,0,134,,186.5775565058556,Mariana
1054,1054,0,0,479,0,458,12,62,0,55,192,0,,15.672514746491869,Mariana
442,442,1,0,600,1,849,10,117,0,55,6,0,,-185.83124627983216,Mariana
1337,1337,0,0,1479,0,599,7,98,0,55,0,98,,656.7529989006117,Mariana
113,113,1,0,717,0,1056,8,187,1,55,0,0,,-252.99916662194016,Mariana
1290,1290,0,0,400,0,391,10,60,0,55,6,0,,6.716792034210801,Mariana
1202,1202,0,0,903,0,348,2,118,0,55,0,118,,414.2021754429994,Mariana
716,716,0,0,1050,0,518,11,60,0,55,0,60,,397.0370402444607,Mariana
985,985,0,0,3000,0,2129,2,711,0,55,0,712,,650.0362068664009,Mariana
573,573,0,0,6000,0,849,2,305,0,55,0,305,,3844.2439742466486,Mariana
1101,1101,0,0,899,0,580,12,71,0,55,0,60,,238.07296210147172,Mariana
706,706,0,0,411,1,529,12,72,0,55,6,0,,-88.06460667076384,Mariana
1385,1385,1,0,3161,1,329,5,57,0,55,6,100,,2113.550560098332,Mariana
1088,1088,0,0,4000,0,994,2,333,0,55,0,333,,2243.4085394264075,Mariana
1079,1079,0,0,700,0,818,10,125,0,56,0,0,,-88.06460667076384,Mariana
1098,1098,0,0,1100,0,567,5,95,0,56,0,95,,397.7833504704841,Mariana
2,2,0,0,1100,0,829,9,125,0,56,48,0,,202.25007125234745,Mariana
471,471,0,0,438,0,473,12,64,0,56,0,0,,-26.120857910819783,Mariana
508,508,0,0,460,0,568,9,61,0,56,0,200,,-80.60150441052961,Mariana
842,842,1,0,983,0,605,6,129,0,56,6,0,,282.10526543685364,Mariana
133,133,0,0,2000,0,1662,4,334,0,56,0,334,,252.25285639591675,Mariana
1302,1302,0,0,1500,1,940,10,135,0,56,6,0,,417.93372657311653,Mariana
1475,1475,0,0,1012,0,432,5,72,0,56,0,72,,432.859931093585,Mariana
727,727,0,0,1447,1,420,12,57,0,56,6,0,,766.4606021260547,Mariana
691,691,0,0,1552,0,694,4,158,0,56,0,158,,640.3341739280963,Mariana
810,810,0,0,929,0,400,12,55,1,56,0,0,,394.7981095663904,Mariana
961,961,0,0,2119,0,606,4,120,0,56,0,131,,1129.167371973438,Mariana
1136,1136,0,7,300,1,558,12,75,0,56,6,0,,-192.54803831404297,Mariana
883,883,3,0,865,0,426,12,58,1,56,0,0,,327.6301892242824,Mariana
614,614,0,0,350,1,320,4,94,0,56,6,0,,22.38930678070267,Mariana
479,479,0,0,1404,0,877,2,294,0,56,0,294,,393.3054891143436,Mariana
1109,1109,0,0,600,0,445,10,68,0,57,12,0,,115.67808503363047,Mariana
387,387,0,0,1235,0,763,4,154,0,57,0,154,,352.25842668305535,Mariana
848,848,0,0,530,0,414,3,113,0,57,0,113,,86.57198621871699,Mariana
860,860,0,0,2000,0,368,10,58,0,57,0,0,,1217.9782888702252,Mariana
876,876,0,0,1800,0,543,6,111,0,57,0,0,,938.1119541114418,Mariana
1321,1321,3,0,602,0,790,12,107,0,57,240,0,,-140.3063224924034,Mariana
882,882,1,0,1200,0,555,4,166,1,57,12,0,,481.3700957851074,Mariana
293,293,0,0,1000,0,555,12,79,0,57,0,0,,332.10805058042297,Mariana
568,568,1,0,2500,0,552,4,119,0,57,48,119,,1453.8123202936267,Mariana
190,190,0,0,317,1,459,12,63,1,57,264,0,,-105.97605209532597,Mariana
660,660,0,0,800,0,399,3,149,1,57,0,0,,299.2704006353924,Mariana
87,87,0,0,952,0,1086,12,154,0,57,0,0,,-100.0055702871386,Mariana
176,176,1,0,756,0,617,6,131,0,57,6,0,,103.73712141725571,Mariana
1357,1357,1,0,1312,1,906,10,137,0,57,6,0,,303.0019517655095,Mariana
1074,1074,0,0,1000,0,687,12,93,0,57,0,0,,233.5951007453312,Mariana
745,745,0,0,1750,0,776,3,103,0,57,0,500,,726.9061601468134,Mariana
1083,1083,2,0,1000,1,552,6,124,1,57,360,0,,334.3469812584932,Mariana
1232,1232,0,0,707,0,690,10,61,0,57,0,300,,12.687273842398179,Mariana
1392,1392,0,0,1039,0,441,2,240,0,57,0,0,,446.29351516200654,Mariana
732,732,1,0,500,0,347,3,126,0,58,48,0,,114.18546458158362,Mariana
461,461,0,0,1453,1,774,10,117,0,58,6,0,,506.7446434699038,Mariana
673,673,0,0,839,0,439,6,76,0,58,48,76,,298.5240904093689,Mariana
1196,1196,0,0,1200,0,552,4,119,0,58,48,119,,483.60902646317766,Mariana
701,701,0,0,720,0,360,6,61,0,58,0,0,,268.671681368432,Mariana
1334,1334,0,0,315,0,449,6,77,0,58,48,77,,-100.0055702871386,Mariana
547,547,3,0,1500,0,405,6,86,0,58,48,0,,817.2096974956474,Mariana
1176,1176,0,0,1100,0,440,5,109,0,58,48,0,,492.56474917545876,Mariana
596,596,1,0,929,0,549,6,112,0,58,48,0,,283.59788588890046,Mariana
230,230,0,0,995,0,880,6,160,0,58,0,160,,85.82567599269358,Mariana
324,324,0,0,1500,0,1099,2,334,0,58,0,438,,299.2704006353924,Mariana
1174,1174,0,0,1190,0,452,10,63,0,58,6,0,,550.7769468052857,Mariana
1235,1235,0,0,690,0,559,5,137,0,58,48,0,,97.76663960906832,Mariana
684,684,0,0,3000,0,756,9,123,1,58,300,0,,1674.7201471965598,Mariana
1076,1076,2,0,800,0,598,6,135,0,58,24,0,,150.7546656567313,Mariana
817,817,0,0,1575,0,529,6,111,0,58,48,0,,780.6404964204997,Mariana
963,963,0,0,800,0,491,2,166,0,58,48,166,,230.6098598412375,Mariana
39,39,0,0,2500,0,595,6,123,0,58,48,0,,1421.7209805746195,Mariana
989,989,1,0,700,0,359,10,55,0,58,6,0,,254.491787073987,Mariana
1318,1318,0,0,481,1,547,10,68,0,58,6,100,,-49.25647491754587,Mariana
753,753,3,0,800,0,499,2,168,0,58,48,168,,224.63937803305012,Mariana
924,924,1,0,1615,0,399,3,110,0,58,48,110,,907.5132348444815,Mariana
1066,1066,0,0,600,0,517,6,110,0,58,48,0,,61.94374875994406,Mariana
411,411,0,0,895,0,443,12,60,0,58,0,0,,337.3322221625869,Mariana
1152,1152,0,0,1028,0,690,6,161,1,58,0,0,,252.25285639591675,Mariana
280,280,1,0,8000,0,329,3,122,0,58,48,0,,5724.945743825673,Mariana
919,919,0,0,836,0,439,12,54,0,58,48,0,,296.2851597312987,Mariana
957,957,0,0,1323,0,420,10,64,0,58,0,0,,673.9181340991504,Mariana
695,695,0,3,587,1,559,12,76,0,58,6,0,,20.896686328655825,Mariana
590,590,0,0,332,0,697,8,88,0,58,0,0,,-272.40323249854913,Mariana
725,725,3,0,617,0,933,15,115,1,58,60,0,,-235.83403142340146,Mariana
1333,1333,0,0,500,0,451,12,61,0,58,0,0,,36.569201075147696,Mariana
1317,1317,1,0,778,0,552,4,119,0,58,48,119,,168.66611108129345,Mariana
496,496,2,0,1500,0,552,4,119,0,58,48,119,,707.5020942702043,Mariana
31,31,1,0,480,1,460,3,135,0,59,6,100,,14.926204520468447,Mariana
1107,1107,1,0,1054,0,705,4,142,0,59,48,142,,260.4622688821744,Mariana
1197,1197,0,0,1300,0,524,4,93,0,59,0,159,,579.1367353941757,Mariana
1175,1175,1,0,2170,0,659,6,113,0,59,48,113,,1127.674751521391,Mariana
649,649,0,0,715,0,552,4,119,0,59,48,119,,121.64856684181784,Mariana
383,383,1,0,1350,0,442,2,241,1,59,0,0,,677.6496852292674,Mariana
1071,1071,0,0,688,0,552,4,119,0,59,48,119,,101.49819073918543,Mariana
1252,1252,0,0,2091,0,1701,4,341,0,59,48,342,,291.0609881491347,Mariana
474,474,1,0,821,0,508,11,71,0,59,48,0,,233.5951007453312,Mariana
453,453,0,0,1978,0,485,6,102,0,59,48,0,,1114.2411674529696,Mariana
1211,1211,1,0,1200,0,417,6,70,0,59,48,0,,584.3609069763397,Mariana
131,131,0,0,305,1,435,10,66,0,59,6,0,,-97.02032938304491,Mariana
606,606,1,0,300,0,403,12,58,1,59,0,0,,-76.8699532804125,Mariana
386,386,1,0,1233,0,555,3,139,0,59,0,139,,505.9983332438803,Mariana
390,390,3,0,380,0,448,15,56,0,59,420,0,,-50.749095369592716,Mariana
1193,1193,0,0,795,0,334,5,68,0,59,0,0,,344.0490141967977,Mariana
1058,1058,1,0,2251,0,552,4,119,0,59,48,119,,1267.9810740137946,Mariana
884,884,1,0,500,0,552,4,119,0,59,48,119,,-38.808131753217964,Mariana
772,772,0,0,4000,0,444,4,96,0,59,48,96,,2653.8791637392897,Mariana
1375,1375,0,0,3703,0,680,3,264,0,59,48,0,,2256.0958132688056,Mariana
15,15,0,0,500,1,614,10,81,0,59,6,0,,-85.07936576667015,Mariana
267,267,0,0,6373,0,548,3,149,0,59,48,149,,4347.257066586435,Mariana
220,220,0,0,5800,0,438,2,147,0,59,0,149,,4001.7154319375904,Mariana
888,888,0,0,1430,1,655,9,108,1,59,300,0,,578.3904251681523,Mariana
296,296,0,0,1016,0,541,5,99,0,59,48,99,,354.49735736112564,Mariana
258,258,0,0,1000,1,1070,4,242,1,59,156,250,,-52.241715821639566,Mariana
250,250,1,0,1830,0,552,4,119,0,59,48,119,,953.7844688579338,Mariana
140,140,0,0,750,0,532,2,179,0,59,0,179,,162.69562927310608,Mariana
8,8,0,0,1500,0,688,6,148,0,59,48,0,,606.003903531019,Mariana
232,232,0,0,2400,0,1233,4,247,0,60,0,250,,870.9440337693338,Mariana
316,316,0,0,1903,0,556,3,214,0,60,48,0,,1005.2798744535498,Mariana
973,973,1,0,1600,0,419,2,141,0,60,48,142,,881.3923769336618,Mariana
460,460,1,0,1740,0,400,2,168,0,60,48,100,,1000.055702871386,Mariana
1440,1440,1,0,319,0,559,6,77,0,60,48,100,,-179.11445424562137,Mariana
215,215,1,0,500,0,389,6,82,0,60,48,0,,82.84043508859988,Mariana
798,798,1,0,3760,0,731,2,246,0,60,48,246,,2260.5736746249463,Mariana
514,514,0,0,851,1,618,10,89,0,60,6,0,,173.8902826634574,Mariana
1014,1014,1,0,1076,0,336,5,68,0,60,48,0,,552.2695672573325,Mariana
666,666,1,0,1028,0,577,15,75,0,60,0,0,,336.5859119365635,Mariana
502,502,0,0,579,0,301,6,67,0,60,48,0,,207.47424283451141,Mariana
948,948,1,0,1448,0,599,6,133,1,60,120,0,,633.6173818938855,Mariana
1479,1479,3,0,1048,0,552,4,119,0,60,48,119,,370.1698721076175,Mariana
85,85,0,0,415,0,388,8,60,0,60,0,38,,20.150376102632404,Mariana
962,962,0,0,400,0,440,12,60,0,60,12,0,,-29.852409040936895,Mariana
326,326,1,0,688,1,489,10,74,0,60,6,0,,148.51573497866104,Mariana
422,422,0,0,754,0,698,11,97,0,60,48,0,,41.79337265731165,Mariana
1495,1495,1,0,500,0,437,12,60,0,60,48,0,,47.017544239475605,Mariana
628,628,1,0,430,0,449,9,68,0,60,48,0,,-14.179894294445024,Mariana
814,814,0,0,597,0,552,4,119,0,60,48,119,,33.583960171054,Mariana
1161,1161,0,0,511,1,639,10,88,0,60,6,0,,-95.52770893099806,Mariana
1263,1263,1,0,500,0,689,6,145,0,60,48,0,,-141.05263271842682,Mariana
1082,1082,1,0,1034,1,429,10,60,0,60,6,0,,451.51768674417053,Mariana
480,480,3,0,1559,0,310,2,104,0,60,48,107,,932.1414723032545,Mariana
475,475,1,0,600,0,370,10,56,1,60,0,0,,171.65135198538715,Mariana
206,206,1,0,800,1,459,10,70,0,60,6,0,,254.491787073987,Mariana
941,941,1,0,300,1,399,10,55,0,60,6,0,,-73.88471237631882,Mariana
1336,1336,1,0,512,0,552,4,119,0,60,48,119,,-29.852409040936895,Mariana
300,300,0,0,2000,0,475,2,160,0,61,0,160,,1138.123094685719,Mariana
203,203,0,0,650,0,770,12,105,1,61,360,0,,-89.55722712281069,Mariana
908,908,1,0,500,0,552,4,119,0,61,48,119,,-38.808131753217964,Mariana
342,342,0,0,400,0,437,12,60,0,61,240,0,,-27.613478362866626,Mariana
639,639,0,0,2000,1,849,10,117,0,61,6,0,,859.0030701529591,Mariana
780,780,1,0,579,0,459,12,57,0,61,48,0,,89.55722712281069,Mariana
1134,1134,1,0,747,0,552,4,119,0,61,48,119,,145.53049407456734,Mariana
677,677,3,0,1390,0,552,4,119,0,61,48,119,,625.4079694076279,Mariana
1156,1156,3,0,1092,0,480,10,74,1,61,228,0,,456.74185832633447,Mariana
816,816,1,0,500,0,552,4,119,0,61,48,119,,-38.808131753217964,Mariana
212,212,0,0,1922,0,552,4,119,0,61,48,119,,1022.4450096520886,Mariana
824,824,1,0,1079,0,643,6,108,0,61,48,0,,325.39125854621216,Mariana
1224,1224,0,0,1900,0,549,4,116,0,61,48,150,,1008.2651153576436,Mariana
1154,1154,0,0,300,1,310,6,67,0,61,6,0,,-7.463102260234224,Mariana
1428,1428,0,0,3155,0,1129,3,423,0,61,48,0,,1512.0245179234537,Mariana
378,378,1,0,860,1,773,6,164,0,61,6,0,,64.92898966403774,Mariana
866,866,0,0,898,0,552,4,119,0,61,48,119,,258.22333820410415,Mariana
1121,1121,2,0,385,0,659,12,72,0,61,48,72,,-204.48900193041771,Mariana
1332,1332,1,0,1200,0,962,12,131,0,61,0,0,,177.62183379357452,Mariana
1416,1416,0,0,710,0,308,2,105,0,61,0,105,,300.0167108614158,Mariana
936,936,0,0,987,0,638,3,213,0,61,0,0,,260.4622688821744,Mariana
1349,1349,0,0,2400,0,599,7,98,0,61,0,98,,1344.1047170681836,Mariana
14,14,2,0,1202,0,552,4,119,0,61,48,119,,485.10164691522453,Mariana
260,260,1,0,1015,0,942,6,158,0,61,48,0,,54.48064649970983,Mariana
593,593,0,0,2900,0,1821,2,608,0,61,0,610,,805.2687338792728,Mariana
1380,1380,0,0,725,0,330,5,81,0,61,48,0,,294.7925392792518,Mariana
118,118,1,0,514,0,435,6,90,0,61,48,0,,58.958507855850364,Mariana
984,984,0,0,820,0,410,4,125,1,61,0,0,,305.98719266960313,Mariana
175,175,0,2,2000,1,480,10,67,0,61,6,0,,1134.3915435556019,Mariana
595,595,1,0,600,0,359,2,122,0,61,48,122,,179.86076447164479,Mariana
168,168,0,0,1386,0,519,11,60,0,61,24,60,,647.0509659623071,Mariana
995,995,1,0,1500,0,552,4,119,0,61,48,119,,707.5020942702043,Mariana
1404,1404,0,0,2251,0,1363,2,456,0,62,0,456,,662.723480708799,Mariana
930,930,1,0,500,0,341,6,58,0,62,48,0,,118.66332593772415,Mariana
278,278,1,0,400,1,480,10,67,0,62,6,0,,-59.70481808187379,Mariana
820,820,1,0,1166,0,1120,4,329,0,62,48,0,,34.33027039707743,Mariana
200,200,1,0,470,0,393,6,66,0,62,48,0,,57.46588740380352,Mariana
418,418,0,0,2486,0,549,3,208,0,62,48,0,,1445.602907807369,Mariana
1102,1102,1,0,473,0,591,6,99,0,62,48,0,,-88.06460667076384,Mariana
703,703,1,0,1893,0,979,5,164,0,62,48,165,,682.127546585408,Mariana
829,829,0,0,483,0,552,4,119,0,62,48,119,,-51.49540559561614,Mariana
699,699,1,0,1200,0,701,2,236,0,62,0,236,,372.4088027856877,Mariana
154,154,0,0,1442,0,552,4,119,0,62,48,119,,664.2161011608459,Mariana
1486,1486,0,0,573,0,471,6,86,0,62,0,100,,76.12364305438908,Mariana
1354,1354,3,0,959,0,660,6,145,0,62,48,0,,223.14675758100327,Mariana
808,808,1,0,896,0,1003,6,208,0,62,48,0,,-79.85519418450619,Mariana
904,904,0,3,1500,1,360,10,55,0,62,6,0,,850.7936576667015,Mariana
657,657,1,0,1000,0,402,3,135,0,62,48,0,,446.29351516200654,Mariana
719,719,0,0,933,0,596,4,137,1,62,12,137,,251.50654616989334,Mariana
724,724,0,0,500,1,643,8,115,0,62,60,0,,-106.7223623213494,Mariana
124,124,0,0,650,0,805,20,88,1,62,24,0,,-115.67808503363047,Mariana
506,506,3,0,1021,0,1386,4,279,0,62,48,279,,-272.40323249854913,Mariana
877,877,3,0,335,0,396,10,60,1,62,0,0,,-45.52492378742876,Mariana
1239,1239,1,0,1324,0,349,3,130,0,62,48,0,,727.6524703728368,Mariana
60,60,1,0,500,0,552,4,119,0,62,48,119,,-38.808131753217964,Mariana
319,319,0,0,575,0,433,1,146,0,62,0,290,,105.97605209532597,Mariana
871,871,0,0,300,1,480,12,68,0,62,6,0,,-134.335840684216,Mariana
757,757,0,0,2592,0,1087,2,364,0,62,0,364,,1123.1968901652506,Mariana
645,645,1,0,542,1,880,10,133,0,62,6,0,,-252.25285639591675,Mariana
1373,1373,0,0,908,0,349,5,59,0,62,0,59,,417.18741634709306,Mariana
1424,1424,1,0,1001,0,699,3,193,0,62,48,193,,225.38568825907356,Mariana
650,650,1,0,300,0,401,10,61,1,62,12,0,,-75.37733282836565,Mariana
63,63,0,0,3190,1,429,10,60,0,62,6,0,,2060.562534050669,Mariana
25,25,1,0,500,0,552,4,119,0,62,48,119,,-38.808131753217964,Mariana
796,796,0,0,2000,0,699,18,76,0,62,6,0,,970.9496040564725,Mariana
795,795,1,0,500,0,362,3,135,0,62,48,0,,102.99081119123228,Mariana
793,793,0,0,1317,0,951,6,212,0,62,60,0,,273.1495427245726,Mariana
238,238,0,0,610,0,365,5,61,0,62,48,61,,182.84600537573849,Mariana
65,65,1,0,425,0,426,4,108,0,62,48,0,,-0.7463102260234223,Mariana
1391,1391,1,0,3000,0,705,2,235,0,62,48,240,,1712.7819687237543,Mariana
992,992,0,0,2000,0,580,18,62,0,62,6,0,,1059.7605209532596,Mariana
331,331,2,0,3500,0,966,4,195,0,62,48,195,,1891.150112743352,Mariana
431,431,0,0,1526,0,718,6,123,0,63,48,123,,603.0186626269252,Mariana
380,380,0,0,614,0,389,9,51,0,63,48,51,,167.91980085527004,Mariana
429,429,1,0,590,1,894,10,123,0,63,6,0,,-226.87830871112038,Mariana
998,998,0,0,1200,0,899,12,89,0,63,48,200,,224.63937803305012,Mariana
281,281,1,0,1038,0,439,12,54,0,63,48,0,,447.03982538803,Mariana
427,427,1,0,1200,0,695,12,98,1,63,14,0,,376.8866641418283,Mariana
574,574,0,0,644,0,335,6,74,0,63,48,0,,230.6098598412375,Mariana
1222,1222,0,0,1548,1,339,6,73,0,63,6,0,,902.2890632623177,Mariana
1291,1291,0,0,1604,0,887,4,179,0,63,48,179,,535.1044320587938,Mariana
843,843,0,0,882,1,979,15,115,0,63,6,0,,-72.39209192427197,Mariana
601,601,0,0,1190,0,449,6,77,0,63,48,77,,553.015877483356,Mariana
305,305,1,0,907,0,989,6,132,0,63,48,350,,-61.19743853392063,Mariana
46,46,1,0,500,0,451,7,85,0,63,48,0,,36.569201075147696,Mariana
76,76,1,0,1536,0,552,4,119,0,63,48,119,,734.3692624070476,Mariana
90,90,0,0,1500,0,301,2,102,0,63,0,102,,894.8259610020834,Mariana
580,580,2,0,524,0,335,6,70,0,63,48,0,,141.05263271842682,Mariana
1225,1225,0,0,1800,0,308,2,165,0,63,48,0,,1113.4948572269461,Mariana
23,23,0,0,1342,0,1084,2,363,0,63,0,363,,192.54803831404297,Mariana
413,413,1,0,500,0,350,3,128,0,63,48,0,,111.94653390351336,Mariana
890,890,0,0,1457,0,529,3,145,0,63,48,145,,692.5758897497359,Mariana
112,112,0,0,617,0,464,3,116,0,63,0,116,,114.18546458158362,Mariana
1445,1445,0,0,700,0,415,12,57,0,63,0,0,,212.69841441667538,Mariana
187,187,0,0,1000,0,400,2,141,0,63,0,141,,447.7861356140534,Mariana
1477,1477,0,0,320,0,392,12,53,0,63,0,0,,-53.73433627368641,Mariana
223,223,1,0,1300,0,420,5,78,1,63,0,100,,656.7529989006117,Mariana
194,194,1,0,600,0,583,12,80,0,63,48,0,,12.687273842398179,Mariana
1435,1435,1,0,1201,0,710,2,239,0,63,0,239,,366.4383209775004,Mariana
1449,1449,1,0,350,0,417,6,70,0,63,48,0,,-50.0027851435693,Mariana
189,189,0,0,2000,0,1167,2,391,0,63,0,391,,621.6764182775108,Mariana
36,36,1,0,6000,0,552,4,119,0,63,48,119,,4065.898111375605,Mariana
1411,1411,0,0,530,0,888,9,98,0,63,0,285,,-267.1790609163852,Mariana
1466,1466,0,0,1004,0,1839,12,226,0,63,48,0,,-623.1690387295577,Mariana
1116,1116,3,0,1359,0,601,6,125,0,63,48,0,,565.7031513257541,Mariana
909,909,0,0,1623,0,792,2,266,0,63,48,266,,620.183797825464,Mariana
792,792,0,0,529,0,435,6,90,0,63,48,0,,70.1531612462017,Mariana
336,336,1,0,1500,1,504,6,107,0,63,6,0,,743.3249851193286,Mariana
1119,1119,0,0,308,1,393,12,54,0,63,72,0,,-63.4363692119909,Mariana
1413,1413,1,0,2761,1,567,10,78,0,63,6,0,,1637.4046358953885,Mariana
736,736,1,0,3442,0,552,4,119,0,64,48,119,,2156.8365532076905,Mariana
647,647,0,0,766,1,1059,10,145,0,64,6,0,,-218.66889622486275,Mariana
873,873,1,0,621,0,499,10,76,1,64,120,0,,91.04984757485752,Mariana
889,889,0,0,500,0,363,4,107,1,64,24,0,,102.24450096520886,Mariana
317,317,0,0,377,0,561,12,77,0,64,120,0,,-137.3210815883097,Mariana
1410,1410,0,0,938,0,552,4,119,0,64,48,119,,288.07574724504104,Mariana
615,615,2,0,1200,0,343,3,128,0,64,48,0,,639.5878637020729,Mariana
1216,1216,1,0,606,0,596,6,125,0,64,48,0,,7.463102260234224,Mariana
1427,1427,0,0,965,0,499,6,102,0,64,48,0,,347.7805653269148,Mariana
292,292,0,0,1509,0,499,12,63,0,64,48,0,,753.7733282836566,Mariana
1024,1024,0,0,2759,0,698,12,86,0,64,48,0,,1538.1453758342734,Mariana
1095,1095,1,0,2313,0,699,9,105,0,64,48,0,,1204.5447048018036,Mariana
452,452,1,0,700,0,348,3,129,0,64,48,0,,262.7011995602447,Mariana
825,825,0,0,308,1,459,10,57,0,64,6,50,,-112.69284412953678,Mariana
1020,1020,2,0,6158,0,552,4,119,0,64,48,119,,4183.815127087306,Mariana
944,944,0,0,679,1,329,4,59,0,64,24,129,,261.2085791081978,Mariana
1069,1069,0,0,692,1,459,10,70,0,64,6,0,,173.8902826634574,Mariana
1030,1030,0,0,2615,0,459,2,162,0,64,48,162,,1609.0448473064985,Mariana
499,499,0,0,419,0,399,6,83,0,64,48,0,,14.926204520468447,Mariana
839,839,0,0,2500,0,516,5,99,0,64,48,99,,1480.67948843047,Mariana
607,607,1,0,8000,0,552,4,119,0,64,48,119,,5558.51856342245,Mariana
1070,1070,1,0,350,0,369,9,52,0,64,24,52,,-14.179894294445024,Mariana
1282,1282,0,0,1356,0,319,5,54,0,65,0,54,,773.9237043862889,Mariana
917,917,1,0,500,0,552,4,119,0,65,48,119,,-38.808131753217964,Mariana
209,209,0,0,1727,0,1199,3,76,0,65,48,1000,,394.051799340367,Mariana
1245,1245,0,0,1071,0,698,6,120,0,65,48,120,,278.37371430673653,Mariana
790,790,3,0,1420,0,592,2,211,1,65,48,211,,617.9448671473937,Mariana
385,385,1,0,600,0,333,6,56,0,65,48,0,,199.26483034825375,Mariana
66,66,0,0,470,1,747,10,103,0,65,6,0,,-206.72793260848798,Mariana
1462,1462,1,0,479,1,329,4,97,0,65,6,0,,111.94653390351336,Mariana
498,498,1,0,1700,0,669,6,139,0,65,48,0,,769.4458430301485,Mariana
1190,1190,0,0,1099,0,552,4,119,0,65,48,119,,408.231693634812,Mariana
1370,1370,3,0,1065,0,722,12,89,0,65,48,0,,255.98440752603386,Mariana
717,717,0,0,971,0,300,6,56,1,65,120,50,,500.7741616617164,Mariana
1228,1228,1,0,481,0,366,6,62,0,65,48,0,,85.82567599269358,Mariana
416,416,0,0,423,1,597,12,75,0,66,6,40,,-129.8579793280755,Mariana
1371,1371,1,0,1300,0,395,10,60,0,66,72,0,,675.4107545511972,Mariana
1352,1352,1,0,876,0,1144,6,125,0,66,48,400,,-200.0111405742772,Mariana
784,784,1,0,500,0,541,5,99,0,66,48,99,,-30.598719266960316,Mariana
1293,1293,1,0,600,0,698,11,97,0,66,48,0,,-73.13840215029539,Mariana
1234,1234,2,0,662,1,522,6,87,0,66,359,0,,104.48343164327913,Mariana
368,368,0,0,4917,1,1645,12,220,0,66,6,0,,2441.9270595486378,Mariana
199,199,3,0,856,0,649,4,192,0,66,48,0,,154.48621678684842,Mariana
552,552,0,0,580,0,552,4,119,0,66,48,119,,20.896686328655825,Mariana
1072,1072,1,0,360,1,638,9,104,0,66,6,0,,-207.47424283451141,Mariana
1374,1374,1,0,500,0,552,4,119,0,66,48,119,,-38.808131753217964,Mariana
178,178,1,0,720,0,366,6,62,0,66,48,0,,264.1938200122915,Mariana
179,179,1,0,360,1,394,9,64,0,66,6,0,,-25.374547684796358,Mariana
977,977,1,0,360,0,492,12,67,1,66,96,0,,-98.51294983509175,Mariana
503,503,1,0,360,1,519,9,85,0,66,6,0,,-118.66332593772415,Mariana
1004,1004,3,0,1800,0,459,12,58,0,66,48,0,,1000.8020130974094,Mariana
470,470,0,0,600,0,468,5,114,0,66,72,0,,98.51294983509175,Mariana
1387,1387,0,0,2000,0,649,12,82,0,67,48,0,,1008.2651153576436,Mariana
1319,1319,0,0,1428,0,389,6,82,0,67,48,0,,775.4163248383359,Mariana
1045,1045,1,0,640,0,301,4,90,0,67,48,0,,252.99916662194016,Mariana
95,95,0,0,5790,0,552,4,119,0,67,48,119,,3909.172963910686,Mariana
143,143,0,0,380,1,336,10,52,0,67,6,0,,32.837649945030584,Mariana
504,504,0,0,667,0,638,11,89,0,67,48,0,,21.642996554679247,Mariana
1043,1043,3,0,7260,0,399,3,151,0,67,48,0,,5120.434460746701,Mariana
463,463,0,0,600,0,524,10,80,0,67,120,0,,56.719577177780096,Mariana
641,641,1,0,490,0,529,11,60,0,67,48,100,,-29.106098814913473,Mariana
733,733,2,0,4005,0,518,3,142,0,67,48,142,,2602.3837581436737,Mariana
1474,1474,1,0,600,0,595,12,70,1,67,72,100,,3.731551130117112,Mariana
1433,1433,1,0,945,0,552,4,119,0,67,48,119,,293.299918827205,Mariana
1203,1203,0,0,1258,0,552,4,119,0,67,48,119,,526.8950195725362,Mariana
83,83,0,0,310,0,470,4,80,1,67,60,200,,-119.40963616374758,Mariana
1183,1183,0,0,3266,0,552,4,119,0,67,48,119,,2025.4859534275681,Mariana
1485,1485,0,0,1500,0,536,6,113,0,67,48,0,,719.4430578865791,Mariana
327,327,0,0,786,0,552,4,119,0,67,48,119,,174.63659288948082,Mariana
943,943,1,0,1697,0,552,4,119,0,68,48,119,,854.5252087968186,Mariana
339,339,1,0,507,1,539,6,83,0,68,6,150,,-23.881927232749515,Mariana
161,161,0,0,400,1,345,10,53,0,68,6,0,,41.04706243128823,Mariana
1105,1105,0,0,386,0,425,8,76,0,69,180,0,,-29.106098814913473,Mariana
122,122,0,0,749,1,1079,9,175,0,70,6,0,,-246.28237458772938,Mariana
855,855,0,0,1150,1,530,6,113,0,70,6,0,,462.71234013452187,Mariana
540,540,1,0,1500,0,470,12,50,1,70,180,100,,768.699532804125,Mariana
